826	pg_default_acl	r	pg_catalog	1	oid	26	-1	t
826	pg_default_acl	r	pg_catalog	2	defaclrole	26	-1	t
826	pg_default_acl	r	pg_catalog	3	defaclnamespace	26	-1	t
826	pg_default_acl	r	pg_catalog	4	defaclobjtype	18	-1	t
826	pg_default_acl	r	pg_catalog	5	defaclacl	1034	-1	t
1213	pg_tablespace	r	pg_catalog	1	oid	26	-1	t
1213	pg_tablespace	r	pg_catalog	2	spcname	19	-1	t
1213	pg_tablespace	r	pg_catalog	3	spcowner	26	-1	t
1213	pg_tablespace	r	pg_catalog	4	spcacl	1034	-1	f
1213	pg_tablespace	r	pg_catalog	5	spcoptions	1009	-1	f
1214	pg_shdepend	r	pg_catalog	1	dbid	26	-1	t
1214	pg_shdepend	r	pg_catalog	2	classid	26	-1	t
1214	pg_shdepend	r	pg_catalog	3	objid	26	-1	t
1214	pg_shdepend	r	pg_catalog	4	objsubid	23	-1	t
1214	pg_shdepend	r	pg_catalog	5	refclassid	26	-1	t
1214	pg_shdepend	r	pg_catalog	6	refobjid	26	-1	t
1214	pg_shdepend	r	pg_catalog	7	deptype	18	-1	t
1247	pg_type	r	pg_catalog	1	oid	26	-1	t
1247	pg_type	r	pg_catalog	2	typname	19	-1	t
1247	pg_type	r	pg_catalog	3	typnamespace	26	-1	t
1247	pg_type	r	pg_catalog	4	typowner	26	-1	t
1247	pg_type	r	pg_catalog	5	typlen	21	-1	t
1247	pg_type	r	pg_catalog	6	typbyval	16	-1	t
1247	pg_type	r	pg_catalog	7	typtype	18	-1	t
1247	pg_type	r	pg_catalog	8	typcategory	18	-1	t
1247	pg_type	r	pg_catalog	9	typispreferred	16	-1	t
1247	pg_type	r	pg_catalog	10	typisdefined	16	-1	t
1247	pg_type	r	pg_catalog	11	typdelim	18	-1	t
1247	pg_type	r	pg_catalog	12	typrelid	26	-1	t
1247	pg_type	r	pg_catalog	13	typsubscript	24	-1	t
1247	pg_type	r	pg_catalog	14	typelem	26	-1	t
1247	pg_type	r	pg_catalog	15	typarray	26	-1	t
1247	pg_type	r	pg_catalog	16	typinput	24	-1	t
1247	pg_type	r	pg_catalog	17	typoutput	24	-1	t
1247	pg_type	r	pg_catalog	18	typreceive	24	-1	t
1247	pg_type	r	pg_catalog	19	typsend	24	-1	t
1247	pg_type	r	pg_catalog	20	typmodin	24	-1	t
1247	pg_type	r	pg_catalog	21	typmodout	24	-1	t
1247	pg_type	r	pg_catalog	22	typanalyze	24	-1	t
1247	pg_type	r	pg_catalog	23	typalign	18	-1	t
1247	pg_type	r	pg_catalog	24	typstorage	18	-1	t
1247	pg_type	r	pg_catalog	25	typnotnull	16	-1	t
1247	pg_type	r	pg_catalog	26	typbasetype	26	-1	t
1247	pg_type	r	pg_catalog	27	typtypmod	23	-1	t
1247	pg_type	r	pg_catalog	28	typndims	23	-1	t
1247	pg_type	r	pg_catalog	29	typcollation	26	-1	t
1247	pg_type	r	pg_catalog	30	typdefaultbin	194	-1	f
1247	pg_type	r	pg_catalog	31	typdefault	25	-1	f
1247	pg_type	r	pg_catalog	32	typacl	1034	-1	f
1249	pg_attribute	r	pg_catalog	1	attrelid	26	-1	t
1249	pg_attribute	r	pg_catalog	2	attname	19	-1	t
1249	pg_attribute	r	pg_catalog	3	atttypid	26	-1	t
1249	pg_attribute	r	pg_catalog	4	attlen	21	-1	t
1249	pg_attribute	r	pg_catalog	5	attnum	21	-1	t
1249	pg_attribute	r	pg_catalog	6	attcacheoff	23	-1	t
1249	pg_attribute	r	pg_catalog	7	atttypmod	23	-1	t
1249	pg_attribute	r	pg_catalog	8	attndims	21	-1	t
1249	pg_attribute	r	pg_catalog	9	attbyval	16	-1	t
1249	pg_attribute	r	pg_catalog	10	attalign	18	-1	t
1249	pg_attribute	r	pg_catalog	11	attstorage	18	-1	t
1249	pg_attribute	r	pg_catalog	12	attcompression	18	-1	t
1249	pg_attribute	r	pg_catalog	13	attnotnull	16	-1	t
1249	pg_attribute	r	pg_catalog	14	atthasdef	16	-1	t
1249	pg_attribute	r	pg_catalog	15	atthasmissing	16	-1	t
1249	pg_attribute	r	pg_catalog	16	attidentity	18	-1	t
1249	pg_attribute	r	pg_catalog	17	attgenerated	18	-1	t
1249	pg_attribute	r	pg_catalog	18	attisdropped	16	-1	t
1249	pg_attribute	r	pg_catalog	19	attislocal	16	-1	t
1249	pg_attribute	r	pg_catalog	20	attinhcount	21	-1	t
1249	pg_attribute	r	pg_catalog	21	attcollation	26	-1	t
1249	pg_attribute	r	pg_catalog	22	attstattarget	21	-1	f
1249	pg_attribute	r	pg_catalog	23	attacl	1034	-1	f
1249	pg_attribute	r	pg_catalog	24	attoptions	1009	-1	f
1249	pg_attribute	r	pg_catalog	25	attfdwoptions	1009	-1	f
1249	pg_attribute	r	pg_catalog	26	attmissingval	2277	-1	f
1255	pg_proc	r	pg_catalog	1	oid	26	-1	t
1255	pg_proc	r	pg_catalog	2	proname	19	-1	t
1255	pg_proc	r	pg_catalog	3	pronamespace	26	-1	t
1255	pg_proc	r	pg_catalog	4	proowner	26	-1	t
1255	pg_proc	r	pg_catalog	5	prolang	26	-1	t
1255	pg_proc	r	pg_catalog	6	procost	700	-1	t
1255	pg_proc	r	pg_catalog	7	prorows	700	-1	t
1255	pg_proc	r	pg_catalog	8	provariadic	26	-1	t
1255	pg_proc	r	pg_catalog	9	prosupport	24	-1	t
1255	pg_proc	r	pg_catalog	10	prokind	18	-1	t
1255	pg_proc	r	pg_catalog	11	prosecdef	16	-1	t
1255	pg_proc	r	pg_catalog	12	proleakproof	16	-1	t
1255	pg_proc	r	pg_catalog	13	proisstrict	16	-1	t
1255	pg_proc	r	pg_catalog	14	proretset	16	-1	t
1255	pg_proc	r	pg_catalog	15	provolatile	18	-1	t
1255	pg_proc	r	pg_catalog	16	proparallel	18	-1	t
1255	pg_proc	r	pg_catalog	17	pronargs	21	-1	t
1255	pg_proc	r	pg_catalog	18	pronargdefaults	21	-1	t
1255	pg_proc	r	pg_catalog	19	prorettype	26	-1	t
1255	pg_proc	r	pg_catalog	20	proargtypes	30	-1	t
1255	pg_proc	r	pg_catalog	21	proallargtypes	1028	-1	f
1255	pg_proc	r	pg_catalog	22	proargmodes	1002	-1	f
1255	pg_proc	r	pg_catalog	23	proargnames	1009	-1	f
1255	pg_proc	r	pg_catalog	24	proargdefaults	194	-1	f
1255	pg_proc	r	pg_catalog	25	protrftypes	1028	-1	f
1255	pg_proc	r	pg_catalog	26	prosrc	25	-1	t
1255	pg_proc	r	pg_catalog	27	probin	25	-1	f
1255	pg_proc	r	pg_catalog	28	prosqlbody	194	-1	f
1255	pg_proc	r	pg_catalog	29	proconfig	1009	-1	f
1255	pg_proc	r	pg_catalog	30	proacl	1034	-1	f
1259	pg_class	r	pg_catalog	1	oid	26	-1	t
1259	pg_class	r	pg_catalog	2	relname	19	-1	t
1259	pg_class	r	pg_catalog	3	relnamespace	26	-1	t
1259	pg_class	r	pg_catalog	4	reltype	26	-1	t
1259	pg_class	r	pg_catalog	5	reloftype	26	-1	t
1259	pg_class	r	pg_catalog	6	relowner	26	-1	t
1259	pg_class	r	pg_catalog	7	relam	26	-1	t
1259	pg_class	r	pg_catalog	8	relfilenode	26	-1	t
1259	pg_class	r	pg_catalog	9	reltablespace	26	-1	t
1259	pg_class	r	pg_catalog	10	relpages	23	-1	t
1259	pg_class	r	pg_catalog	11	reltuples	700	-1	t
1259	pg_class	r	pg_catalog	12	relallvisible	23	-1	t
1259	pg_class	r	pg_catalog	13	reltoastrelid	26	-1	t
1259	pg_class	r	pg_catalog	14	relhasindex	16	-1	t
1259	pg_class	r	pg_catalog	15	relisshared	16	-1	t
1259	pg_class	r	pg_catalog	16	relpersistence	18	-1	t
1259	pg_class	r	pg_catalog	17	relkind	18	-1	t
1259	pg_class	r	pg_catalog	18	relnatts	21	-1	t
1259	pg_class	r	pg_catalog	19	relchecks	21	-1	t
1259	pg_class	r	pg_catalog	20	relhasrules	16	-1	t
1259	pg_class	r	pg_catalog	21	relhastriggers	16	-1	t
1259	pg_class	r	pg_catalog	22	relhassubclass	16	-1	t
1259	pg_class	r	pg_catalog	23	relrowsecurity	16	-1	t
1259	pg_class	r	pg_catalog	24	relforcerowsecurity	16	-1	t
1259	pg_class	r	pg_catalog	25	relispopulated	16	-1	t
1259	pg_class	r	pg_catalog	26	relreplident	18	-1	t
1259	pg_class	r	pg_catalog	27	relispartition	16	-1	t
1259	pg_class	r	pg_catalog	28	relrewrite	26	-1	t
1259	pg_class	r	pg_catalog	29	relfrozenxid	28	-1	t
1259	pg_class	r	pg_catalog	30	relminmxid	28	-1	t
1259	pg_class	r	pg_catalog	31	relacl	1034	-1	f
1259	pg_class	r	pg_catalog	32	reloptions	1009	-1	f
1259	pg_class	r	pg_catalog	33	relpartbound	194	-1	f
1260	pg_authid	r	pg_catalog	1	oid	26	-1	t
1260	pg_authid	r	pg_catalog	2	rolname	19	-1	t
1260	pg_authid	r	pg_catalog	3	rolsuper	16	-1	t
1260	pg_authid	r	pg_catalog	4	rolinherit	16	-1	t
1260	pg_authid	r	pg_catalog	5	rolcreaterole	16	-1	t
1260	pg_authid	r	pg_catalog	6	rolcreatedb	16	-1	t
1260	pg_authid	r	pg_catalog	7	rolcanlogin	16	-1	t
1260	pg_authid	r	pg_catalog	8	rolreplication	16	-1	t
1260	pg_authid	r	pg_catalog	9	rolbypassrls	16	-1	t
1260	pg_authid	r	pg_catalog	10	rolconnlimit	23	-1	t
1260	pg_authid	r	pg_catalog	11	rolpassword	25	-1	f
1260	pg_authid	r	pg_catalog	12	rolvaliduntil	1184	-1	f
1261	pg_auth_members	r	pg_catalog	1	oid	26	-1	t
1261	pg_auth_members	r	pg_catalog	2	roleid	26	-1	t
1261	pg_auth_members	r	pg_catalog	3	member	26	-1	t
1261	pg_auth_members	r	pg_catalog	4	grantor	26	-1	t
1261	pg_auth_members	r	pg_catalog	5	admin_option	16	-1	t
1261	pg_auth_members	r	pg_catalog	6	inherit_option	16	-1	t
1261	pg_auth_members	r	pg_catalog	7	set_option	16	-1	t
1262	pg_database	r	pg_catalog	1	oid	26	-1	t
1262	pg_database	r	pg_catalog	2	datname	19	-1	t
1262	pg_database	r	pg_catalog	3	datdba	26	-1	t
1262	pg_database	r	pg_catalog	4	encoding	23	-1	t
1262	pg_database	r	pg_catalog	5	datlocprovider	18	-1	t
1262	pg_database	r	pg_catalog	6	datistemplate	16	-1	t
1262	pg_database	r	pg_catalog	7	datallowconn	16	-1	t
1262	pg_database	r	pg_catalog	8	dathasloginevt	16	-1	t
1262	pg_database	r	pg_catalog	9	datconnlimit	23	-1	t
1262	pg_database	r	pg_catalog	10	datfrozenxid	28	-1	t
1262	pg_database	r	pg_catalog	11	datminmxid	28	-1	t
1262	pg_database	r	pg_catalog	12	dattablespace	26	-1	t
1262	pg_database	r	pg_catalog	13	datcollate	25	-1	t
1262	pg_database	r	pg_catalog	14	datctype	25	-1	t
1262	pg_database	r	pg_catalog	15	datlocale	25	-1	f
1262	pg_database	r	pg_catalog	16	daticurules	25	-1	f
1262	pg_database	r	pg_catalog	17	datcollversion	25	-1	f
1262	pg_database	r	pg_catalog	18	datacl	1034	-1	f
1417	pg_foreign_server	r	pg_catalog	1	oid	26	-1	t
1417	pg_foreign_server	r	pg_catalog	2	srvname	19	-1	t
1417	pg_foreign_server	r	pg_catalog	3	srvowner	26	-1	t
1417	pg_foreign_server	r	pg_catalog	4	srvfdw	26	-1	t
1417	pg_foreign_server	r	pg_catalog	5	srvtype	25	-1	f
1417	pg_foreign_server	r	pg_catalog	6	srvversion	25	-1	f
1417	pg_foreign_server	r	pg_catalog	7	srvacl	1034	-1	f
1417	pg_foreign_server	r	pg_catalog	8	srvoptions	1009	-1	f
1418	pg_user_mapping	r	pg_catalog	1	oid	26	-1	t
1418	pg_user_mapping	r	pg_catalog	2	umuser	26	-1	t
1418	pg_user_mapping	r	pg_catalog	3	umserver	26	-1	t
1418	pg_user_mapping	r	pg_catalog	4	umoptions	1009	-1	f
2224	pg_sequence	r	pg_catalog	1	seqrelid	26	-1	t
2224	pg_sequence	r	pg_catalog	2	seqtypid	26	-1	t
2224	pg_sequence	r	pg_catalog	3	seqstart	20	-1	t
2224	pg_sequence	r	pg_catalog	4	seqincrement	20	-1	t
2224	pg_sequence	r	pg_catalog	5	seqmax	20	-1	t
2224	pg_sequence	r	pg_catalog	6	seqmin	20	-1	t
2224	pg_sequence	r	pg_catalog	7	seqcache	20	-1	t
2224	pg_sequence	r	pg_catalog	8	seqcycle	16	-1	t
2328	pg_foreign_data_wrapper	r	pg_catalog	1	oid	26	-1	t
2328	pg_foreign_data_wrapper	r	pg_catalog	2	fdwname	19	-1	t
2328	pg_foreign_data_wrapper	r	pg_catalog	3	fdwowner	26	-1	t
2328	pg_foreign_data_wrapper	r	pg_catalog	4	fdwhandler	26	-1	t
2328	pg_foreign_data_wrapper	r	pg_catalog	5	fdwvalidator	26	-1	t
2328	pg_foreign_data_wrapper	r	pg_catalog	6	fdwacl	1034	-1	f
2328	pg_foreign_data_wrapper	r	pg_catalog	7	fdwoptions	1009	-1	f
2396	pg_shdescription	r	pg_catalog	1	objoid	26	-1	t
2396	pg_shdescription	r	pg_catalog	2	classoid	26	-1	t
2396	pg_shdescription	r	pg_catalog	3	description	25	-1	t
2600	pg_aggregate	r	pg_catalog	1	aggfnoid	24	-1	t
2600	pg_aggregate	r	pg_catalog	2	aggkind	18	-1	t
2600	pg_aggregate	r	pg_catalog	3	aggnumdirectargs	21	-1	t
2600	pg_aggregate	r	pg_catalog	4	aggtransfn	24	-1	t
2600	pg_aggregate	r	pg_catalog	5	aggfinalfn	24	-1	t
2600	pg_aggregate	r	pg_catalog	6	aggcombinefn	24	-1	t
2600	pg_aggregate	r	pg_catalog	7	aggserialfn	24	-1	t
2600	pg_aggregate	r	pg_catalog	8	aggdeserialfn	24	-1	t
2600	pg_aggregate	r	pg_catalog	9	aggmtransfn	24	-1	t
2600	pg_aggregate	r	pg_catalog	10	aggminvtransfn	24	-1	t
2600	pg_aggregate	r	pg_catalog	11	aggmfinalfn	24	-1	t
2600	pg_aggregate	r	pg_catalog	12	aggfinalextra	16	-1	t
2600	pg_aggregate	r	pg_catalog	13	aggmfinalextra	16	-1	t
2600	pg_aggregate	r	pg_catalog	14	aggfinalmodify	18	-1	t
2600	pg_aggregate	r	pg_catalog	15	aggmfinalmodify	18	-1	t
2600	pg_aggregate	r	pg_catalog	16	aggsortop	26	-1	t
2600	pg_aggregate	r	pg_catalog	17	aggtranstype	26	-1	t
2600	pg_aggregate	r	pg_catalog	18	aggtransspace	23	-1	t
2600	pg_aggregate	r	pg_catalog	19	aggmtranstype	26	-1	t
2600	pg_aggregate	r	pg_catalog	20	aggmtransspace	23	-1	t
2600	pg_aggregate	r	pg_catalog	21	agginitval	25	-1	f
2600	pg_aggregate	r	pg_catalog	22	aggminitval	25	-1	f
2601	pg_am	r	pg_catalog	1	oid	26	-1	t
2601	pg_am	r	pg_catalog	2	amname	19	-1	t
2601	pg_am	r	pg_catalog	3	amhandler	24	-1	t
2601	pg_am	r	pg_catalog	4	amtype	18	-1	t
2602	pg_amop	r	pg_catalog	1	oid	26	-1	t
2602	pg_amop	r	pg_catalog	2	amopfamily	26	-1	t
2602	pg_amop	r	pg_catalog	3	amoplefttype	26	-1	t
2602	pg_amop	r	pg_catalog	4	amoprighttype	26	-1	t
2602	pg_amop	r	pg_catalog	5	amopstrategy	21	-1	t
2602	pg_amop	r	pg_catalog	6	amoppurpose	18	-1	t
2602	pg_amop	r	pg_catalog	7	amopopr	26	-1	t
2602	pg_amop	r	pg_catalog	8	amopmethod	26	-1	t
2602	pg_amop	r	pg_catalog	9	amopsortfamily	26	-1	t
2603	pg_amproc	r	pg_catalog	1	oid	26	-1	t
2603	pg_amproc	r	pg_catalog	2	amprocfamily	26	-1	t
2603	pg_amproc	r	pg_catalog	3	amproclefttype	26	-1	t
2603	pg_amproc	r	pg_catalog	4	amprocrighttype	26	-1	t
2603	pg_amproc	r	pg_catalog	5	amprocnum	21	-1	t
2603	pg_amproc	r	pg_catalog	6	amproc	24	-1	t
2604	pg_attrdef	r	pg_catalog	1	oid	26	-1	t
2604	pg_attrdef	r	pg_catalog	2	adrelid	26	-1	t
2604	pg_attrdef	r	pg_catalog	3	adnum	21	-1	t
2604	pg_attrdef	r	pg_catalog	4	adbin	194	-1	t
2605	pg_cast	r	pg_catalog	1	oid	26	-1	t
2605	pg_cast	r	pg_catalog	2	castsource	26	-1	t
2605	pg_cast	r	pg_catalog	3	casttarget	26	-1	t
2605	pg_cast	r	pg_catalog	4	castfunc	26	-1	t
2605	pg_cast	r	pg_catalog	5	castcontext	18	-1	t
2605	pg_cast	r	pg_catalog	6	castmethod	18	-1	t
2606	pg_constraint	r	pg_catalog	1	oid	26	-1	t
2606	pg_constraint	r	pg_catalog	2	conname	19	-1	t
2606	pg_constraint	r	pg_catalog	3	connamespace	26	-1	t
2606	pg_constraint	r	pg_catalog	4	contype	18	-1	t
2606	pg_constraint	r	pg_catalog	5	condeferrable	16	-1	t
2606	pg_constraint	r	pg_catalog	6	condeferred	16	-1	t
2606	pg_constraint	r	pg_catalog	7	convalidated	16	-1	t
2606	pg_constraint	r	pg_catalog	8	conrelid	26	-1	t
2606	pg_constraint	r	pg_catalog	9	contypid	26	-1	t
2606	pg_constraint	r	pg_catalog	10	conindid	26	-1	t
2606	pg_constraint	r	pg_catalog	11	conparentid	26	-1	t
2606	pg_constraint	r	pg_catalog	12	confrelid	26	-1	t
2606	pg_constraint	r	pg_catalog	13	confupdtype	18	-1	t
2606	pg_constraint	r	pg_catalog	14	confdeltype	18	-1	t
2606	pg_constraint	r	pg_catalog	15	confmatchtype	18	-1	t
2606	pg_constraint	r	pg_catalog	16	conislocal	16	-1	t
2606	pg_constraint	r	pg_catalog	17	coninhcount	21	-1	t
2606	pg_constraint	r	pg_catalog	18	connoinherit	16	-1	t
2606	pg_constraint	r	pg_catalog	19	conkey	1005	-1	f
2606	pg_constraint	r	pg_catalog	20	confkey	1005	-1	f
2606	pg_constraint	r	pg_catalog	21	conpfeqop	1028	-1	f
2606	pg_constraint	r	pg_catalog	22	conppeqop	1028	-1	f
2606	pg_constraint	r	pg_catalog	23	conffeqop	1028	-1	f
2606	pg_constraint	r	pg_catalog	24	confdelsetcols	1005	-1	f
2606	pg_constraint	r	pg_catalog	25	conexclop	1028	-1	f
2606	pg_constraint	r	pg_catalog	26	conbin	194	-1	f
2607	pg_conversion	r	pg_catalog	1	oid	26	-1	t
2607	pg_conversion	r	pg_catalog	2	conname	19	-1	t
2607	pg_conversion	r	pg_catalog	3	connamespace	26	-1	t
2607	pg_conversion	r	pg_catalog	4	conowner	26	-1	t
2607	pg_conversion	r	pg_catalog	5	conforencoding	23	-1	t
2607	pg_conversion	r	pg_catalog	6	contoencoding	23	-1	t
2607	pg_conversion	r	pg_catalog	7	conproc	24	-1	t
2607	pg_conversion	r	pg_catalog	8	condefault	16	-1	t
2608	pg_depend	r	pg_catalog	1	classid	26	-1	t
2608	pg_depend	r	pg_catalog	2	objid	26	-1	t
2608	pg_depend	r	pg_catalog	3	objsubid	23	-1	t
2608	pg_depend	r	pg_catalog	4	refclassid	26	-1	t
2608	pg_depend	r	pg_catalog	5	refobjid	26	-1	t
2608	pg_depend	r	pg_catalog	6	refobjsubid	23	-1	t
2608	pg_depend	r	pg_catalog	7	deptype	18	-1	t
2609	pg_description	r	pg_catalog	1	objoid	26	-1	t
2609	pg_description	r	pg_catalog	2	classoid	26	-1	t
2609	pg_description	r	pg_catalog	3	objsubid	23	-1	t
2609	pg_description	r	pg_catalog	4	description	25	-1	t
2610	pg_index	r	pg_catalog	1	indexrelid	26	-1	t
2610	pg_index	r	pg_catalog	2	indrelid	26	-1	t
2610	pg_index	r	pg_catalog	3	indnatts	21	-1	t
2610	pg_index	r	pg_catalog	4	indnkeyatts	21	-1	t
2610	pg_index	r	pg_catalog	5	indisunique	16	-1	t
2610	pg_index	r	pg_catalog	6	indnullsnotdistinct	16	-1	t
2610	pg_index	r	pg_catalog	7	indisprimary	16	-1	t
2610	pg_index	r	pg_catalog	8	indisexclusion	16	-1	t
2610	pg_index	r	pg_catalog	9	indimmediate	16	-1	t
2610	pg_index	r	pg_catalog	10	indisclustered	16	-1	t
2610	pg_index	r	pg_catalog	11	indisvalid	16	-1	t
2610	pg_index	r	pg_catalog	12	indcheckxmin	16	-1	t
2610	pg_index	r	pg_catalog	13	indisready	16	-1	t
2610	pg_index	r	pg_catalog	14	indislive	16	-1	t
2610	pg_index	r	pg_catalog	15	indisreplident	16	-1	t
2610	pg_index	r	pg_catalog	16	indkey	22	-1	t
2610	pg_index	r	pg_catalog	17	indcollation	30	-1	t
2610	pg_index	r	pg_catalog	18	indclass	30	-1	t
2610	pg_index	r	pg_catalog	19	indoption	22	-1	t
2610	pg_index	r	pg_catalog	20	indexprs	194	-1	f
2610	pg_index	r	pg_catalog	21	indpred	194	-1	f
2611	pg_inherits	r	pg_catalog	1	inhrelid	26	-1	t
2611	pg_inherits	r	pg_catalog	2	inhparent	26	-1	t
2611	pg_inherits	r	pg_catalog	3	inhseqno	23	-1	t
2611	pg_inherits	r	pg_catalog	4	inhdetachpending	16	-1	t
2612	pg_language	r	pg_catalog	1	oid	26	-1	t
2612	pg_language	r	pg_catalog	2	lanname	19	-1	t
2612	pg_language	r	pg_catalog	3	lanowner	26	-1	t
2612	pg_language	r	pg_catalog	4	lanispl	16	-1	t
2612	pg_language	r	pg_catalog	5	lanpltrusted	16	-1	t
2612	pg_language	r	pg_catalog	6	lanplcallfoid	26	-1	t
2612	pg_language	r	pg_catalog	7	laninline	26	-1	t
2612	pg_language	r	pg_catalog	8	lanvalidator	26	-1	t
2612	pg_language	r	pg_catalog	9	lanacl	1034	-1	f
2613	pg_largeobject	r	pg_catalog	1	loid	26	-1	t
2613	pg_largeobject	r	pg_catalog	2	pageno	23	-1	t
2613	pg_largeobject	r	pg_catalog	3	data	17	-1	t
2615	pg_namespace	r	pg_catalog	1	oid	26	-1	t
2615	pg_namespace	r	pg_catalog	2	nspname	19	-1	t
2615	pg_namespace	r	pg_catalog	3	nspowner	26	-1	t
2615	pg_namespace	r	pg_catalog	4	nspacl	1034	-1	f
2616	pg_opclass	r	pg_catalog	1	oid	26	-1	t
2616	pg_opclass	r	pg_catalog	2	opcmethod	26	-1	t
2616	pg_opclass	r	pg_catalog	3	opcname	19	-1	t
2616	pg_opclass	r	pg_catalog	4	opcnamespace	26	-1	t
2616	pg_opclass	r	pg_catalog	5	opcowner	26	-1	t
2616	pg_opclass	r	pg_catalog	6	opcfamily	26	-1	t
2616	pg_opclass	r	pg_catalog	7	opcintype	26	-1	t
2616	pg_opclass	r	pg_catalog	8	opcdefault	16	-1	t
2616	pg_opclass	r	pg_catalog	9	opckeytype	26	-1	t
2617	pg_operator	r	pg_catalog	1	oid	26	-1	t
2617	pg_operator	r	pg_catalog	2	oprname	19	-1	t
2617	pg_operator	r	pg_catalog	3	oprnamespace	26	-1	t
2617	pg_operator	r	pg_catalog	4	oprowner	26	-1	t
2617	pg_operator	r	pg_catalog	5	oprkind	18	-1	t
2617	pg_operator	r	pg_catalog	6	oprcanmerge	16	-1	t
2617	pg_operator	r	pg_catalog	7	oprcanhash	16	-1	t
2617	pg_operator	r	pg_catalog	8	oprleft	26	-1	t
2617	pg_operator	r	pg_catalog	9	oprright	26	-1	t
2617	pg_operator	r	pg_catalog	10	oprresult	26	-1	t
2617	pg_operator	r	pg_catalog	11	oprcom	26	-1	t
2617	pg_operator	r	pg_catalog	12	oprnegate	26	-1	t
2617	pg_operator	r	pg_catalog	13	oprcode	24	-1	t
2617	pg_operator	r	pg_catalog	14	oprrest	24	-1	t
2617	pg_operator	r	pg_catalog	15	oprjoin	24	-1	t
2618	pg_rewrite	r	pg_catalog	1	oid	26	-1	t
2618	pg_rewrite	r	pg_catalog	2	rulename	19	-1	t
2618	pg_rewrite	r	pg_catalog	3	ev_class	26	-1	t
2618	pg_rewrite	r	pg_catalog	4	ev_type	18	-1	t
2618	pg_rewrite	r	pg_catalog	5	ev_enabled	18	-1	t
2618	pg_rewrite	r	pg_catalog	6	is_instead	16	-1	t
2618	pg_rewrite	r	pg_catalog	7	ev_qual	194	-1	t
2618	pg_rewrite	r	pg_catalog	8	ev_action	194	-1	t
2619	pg_statistic	r	pg_catalog	1	starelid	26	-1	t
2619	pg_statistic	r	pg_catalog	2	staattnum	21	-1	t
2619	pg_statistic	r	pg_catalog	3	stainherit	16	-1	t
2619	pg_statistic	r	pg_catalog	4	stanullfrac	700	-1	t
2619	pg_statistic	r	pg_catalog	5	stawidth	23	-1	t
2619	pg_statistic	r	pg_catalog	6	stadistinct	700	-1	t
2619	pg_statistic	r	pg_catalog	7	stakind1	21	-1	t
2619	pg_statistic	r	pg_catalog	8	stakind2	21	-1	t
2619	pg_statistic	r	pg_catalog	9	stakind3	21	-1	t
2619	pg_statistic	r	pg_catalog	10	stakind4	21	-1	t
2619	pg_statistic	r	pg_catalog	11	stakind5	21	-1	t
2619	pg_statistic	r	pg_catalog	12	staop1	26	-1	t
2619	pg_statistic	r	pg_catalog	13	staop2	26	-1	t
2619	pg_statistic	r	pg_catalog	14	staop3	26	-1	t
2619	pg_statistic	r	pg_catalog	15	staop4	26	-1	t
2619	pg_statistic	r	pg_catalog	16	staop5	26	-1	t
2619	pg_statistic	r	pg_catalog	17	stacoll1	26	-1	t
2619	pg_statistic	r	pg_catalog	18	stacoll2	26	-1	t
2619	pg_statistic	r	pg_catalog	19	stacoll3	26	-1	t
2619	pg_statistic	r	pg_catalog	20	stacoll4	26	-1	t
2619	pg_statistic	r	pg_catalog	21	stacoll5	26	-1	t
2619	pg_statistic	r	pg_catalog	22	stanumbers1	1021	-1	f
2619	pg_statistic	r	pg_catalog	23	stanumbers2	1021	-1	f
2619	pg_statistic	r	pg_catalog	24	stanumbers3	1021	-1	f
2619	pg_statistic	r	pg_catalog	25	stanumbers4	1021	-1	f
2619	pg_statistic	r	pg_catalog	26	stanumbers5	1021	-1	f
2619	pg_statistic	r	pg_catalog	27	stavalues1	2277	-1	f
2619	pg_statistic	r	pg_catalog	28	stavalues2	2277	-1	f
2619	pg_statistic	r	pg_catalog	29	stavalues3	2277	-1	f
2619	pg_statistic	r	pg_catalog	30	stavalues4	2277	-1	f
2619	pg_statistic	r	pg_catalog	31	stavalues5	2277	-1	f
2620	pg_trigger	r	pg_catalog	1	oid	26	-1	t
2620	pg_trigger	r	pg_catalog	2	tgrelid	26	-1	t
2620	pg_trigger	r	pg_catalog	3	tgparentid	26	-1	t
2620	pg_trigger	r	pg_catalog	4	tgname	19	-1	t
2620	pg_trigger	r	pg_catalog	5	tgfoid	26	-1	t
2620	pg_trigger	r	pg_catalog	6	tgtype	21	-1	t
2620	pg_trigger	r	pg_catalog	7	tgenabled	18	-1	t
2620	pg_trigger	r	pg_catalog	8	tgisinternal	16	-1	t
2620	pg_trigger	r	pg_catalog	9	tgconstrrelid	26	-1	t
2620	pg_trigger	r	pg_catalog	10	tgconstrindid	26	-1	t
2620	pg_trigger	r	pg_catalog	11	tgconstraint	26	-1	t
2620	pg_trigger	r	pg_catalog	12	tgdeferrable	16	-1	t
2620	pg_trigger	r	pg_catalog	13	tginitdeferred	16	-1	t
2620	pg_trigger	r	pg_catalog	14	tgnargs	21	-1	t
2620	pg_trigger	r	pg_catalog	15	tgattr	22	-1	t
2620	pg_trigger	r	pg_catalog	16	tgargs	17	-1	t
2620	pg_trigger	r	pg_catalog	17	tgqual	194	-1	f
2620	pg_trigger	r	pg_catalog	18	tgoldtable	19	-1	f
2620	pg_trigger	r	pg_catalog	19	tgnewtable	19	-1	f
2753	pg_opfamily	r	pg_catalog	1	oid	26	-1	t
2753	pg_opfamily	r	pg_catalog	2	opfmethod	26	-1	t
2753	pg_opfamily	r	pg_catalog	3	opfname	19	-1	t
2753	pg_opfamily	r	pg_catalog	4	opfnamespace	26	-1	t
2753	pg_opfamily	r	pg_catalog	5	opfowner	26	-1	t
2964	pg_db_role_setting	r	pg_catalog	1	setdatabase	26	-1	t
2964	pg_db_role_setting	r	pg_catalog	2	setrole	26	-1	t
2964	pg_db_role_setting	r	pg_catalog	3	setconfig	1009	-1	f
2995	pg_largeobject_metadata	r	pg_catalog	1	oid	26	-1	t
2995	pg_largeobject_metadata	r	pg_catalog	2	lomowner	26	-1	t
2995	pg_largeobject_metadata	r	pg_catalog	3	lomacl	1034	-1	f
3079	pg_extension	r	pg_catalog	1	oid	26	-1	t
3079	pg_extension	r	pg_catalog	2	extname	19	-1	t
3079	pg_extension	r	pg_catalog	3	extowner	26	-1	t
3079	pg_extension	r	pg_catalog	4	extnamespace	26	-1	t
3079	pg_extension	r	pg_catalog	5	extrelocatable	16	-1	t
3079	pg_extension	r	pg_catalog	6	extversion	25	-1	t
3079	pg_extension	r	pg_catalog	7	extconfig	1028	-1	f
3079	pg_extension	r	pg_catalog	8	extcondition	1009	-1	f
3118	pg_foreign_table	r	pg_catalog	1	ftrelid	26	-1	t
3118	pg_foreign_table	r	pg_catalog	2	ftserver	26	-1	t
3118	pg_foreign_table	r	pg_catalog	3	ftoptions	1009	-1	f
3256	pg_policy	r	pg_catalog	1	oid	26	-1	t
3256	pg_policy	r	pg_catalog	2	polname	19	-1	t
3256	pg_policy	r	pg_catalog	3	polrelid	26	-1	t
3256	pg_policy	r	pg_catalog	4	polcmd	18	-1	t
3256	pg_policy	r	pg_catalog	5	polpermissive	16	-1	t
3256	pg_policy	r	pg_catalog	6	polroles	1028	-1	t
3256	pg_policy	r	pg_catalog	7	polqual	194	-1	f
3256	pg_policy	r	pg_catalog	8	polwithcheck	194	-1	f
3350	pg_partitioned_table	r	pg_catalog	1	partrelid	26	-1	t
3350	pg_partitioned_table	r	pg_catalog	2	partstrat	18	-1	t
3350	pg_partitioned_table	r	pg_catalog	3	partnatts	21	-1	t
3350	pg_partitioned_table	r	pg_catalog	4	partdefid	26	-1	t
3350	pg_partitioned_table	r	pg_catalog	5	partattrs	22	-1	t
3350	pg_partitioned_table	r	pg_catalog	6	partclass	30	-1	t
3350	pg_partitioned_table	r	pg_catalog	7	partcollation	30	-1	t
3350	pg_partitioned_table	r	pg_catalog	8	partexprs	194	-1	f
3381	pg_statistic_ext	r	pg_catalog	1	oid	26	-1	t
3381	pg_statistic_ext	r	pg_catalog	2	stxrelid	26	-1	t
3381	pg_statistic_ext	r	pg_catalog	3	stxname	19	-1	t
3381	pg_statistic_ext	r	pg_catalog	4	stxnamespace	26	-1	t
3381	pg_statistic_ext	r	pg_catalog	5	stxowner	26	-1	t
3381	pg_statistic_ext	r	pg_catalog	6	stxkeys	22	-1	t
3381	pg_statistic_ext	r	pg_catalog	7	stxstattarget	21	-1	f
3381	pg_statistic_ext	r	pg_catalog	8	stxkind	1002	-1	t
3381	pg_statistic_ext	r	pg_catalog	9	stxexprs	194	-1	f
3394	pg_init_privs	r	pg_catalog	1	objoid	26	-1	t
3394	pg_init_privs	r	pg_catalog	2	classoid	26	-1	t
3394	pg_init_privs	r	pg_catalog	3	objsubid	23	-1	t
3394	pg_init_privs	r	pg_catalog	4	privtype	18	-1	t
3394	pg_init_privs	r	pg_catalog	5	initprivs	1034	-1	t
3429	pg_statistic_ext_data	r	pg_catalog	1	stxoid	26	-1	t
3429	pg_statistic_ext_data	r	pg_catalog	2	stxdinherit	16	-1	t
3429	pg_statistic_ext_data	r	pg_catalog	3	stxdndistinct	3361	-1	f
3429	pg_statistic_ext_data	r	pg_catalog	4	stxddependencies	3402	-1	f
3429	pg_statistic_ext_data	r	pg_catalog	5	stxdmcv	5017	-1	f
3429	pg_statistic_ext_data	r	pg_catalog	6	stxdexpr	10028	-1	f
3456	pg_collation	r	pg_catalog	1	oid	26	-1	t
3456	pg_collation	r	pg_catalog	2	collname	19	-1	t
3456	pg_collation	r	pg_catalog	3	collnamespace	26	-1	t
3456	pg_collation	r	pg_catalog	4	collowner	26	-1	t
3456	pg_collation	r	pg_catalog	5	collprovider	18	-1	t
3456	pg_collation	r	pg_catalog	6	collisdeterministic	16	-1	t
3456	pg_collation	r	pg_catalog	7	collencoding	23	-1	t
3456	pg_collation	r	pg_catalog	8	collcollate	25	-1	f
3456	pg_collation	r	pg_catalog	9	collctype	25	-1	f
3456	pg_collation	r	pg_catalog	10	colllocale	25	-1	f
3456	pg_collation	r	pg_catalog	11	collicurules	25	-1	f
3456	pg_collation	r	pg_catalog	12	collversion	25	-1	f
3466	pg_event_trigger	r	pg_catalog	1	oid	26	-1	t
3466	pg_event_trigger	r	pg_catalog	2	evtname	19	-1	t
3466	pg_event_trigger	r	pg_catalog	3	evtevent	19	-1	t
3466	pg_event_trigger	r	pg_catalog	4	evtowner	26	-1	t
3466	pg_event_trigger	r	pg_catalog	5	evtfoid	26	-1	t
3466	pg_event_trigger	r	pg_catalog	6	evtenabled	18	-1	t
3466	pg_event_trigger	r	pg_catalog	7	evttags	1009	-1	f
3501	pg_enum	r	pg_catalog	1	oid	26	-1	t
3501	pg_enum	r	pg_catalog	2	enumtypid	26	-1	t
3501	pg_enum	r	pg_catalog	3	enumsortorder	700	-1	t
3501	pg_enum	r	pg_catalog	4	enumlabel	19	-1	t
3541	pg_range	r	pg_catalog	1	rngtypid	26	-1	t
3541	pg_range	r	pg_catalog	2	rngsubtype	26	-1	t
3541	pg_range	r	pg_catalog	3	rngmultitypid	26	-1	t
3541	pg_range	r	pg_catalog	4	rngcollation	26	-1	t
3541	pg_range	r	pg_catalog	5	rngsubopc	26	-1	t
3541	pg_range	r	pg_catalog	6	rngcanonical	24	-1	t
3541	pg_range	r	pg_catalog	7	rngsubdiff	24	-1	t
3576	pg_transform	r	pg_catalog	1	oid	26	-1	t
3576	pg_transform	r	pg_catalog	2	trftype	26	-1	t
3576	pg_transform	r	pg_catalog	3	trflang	26	-1	t
3576	pg_transform	r	pg_catalog	4	trffromsql	24	-1	t
3576	pg_transform	r	pg_catalog	5	trftosql	24	-1	t
3592	pg_shseclabel	r	pg_catalog	1	objoid	26	-1	t
3592	pg_shseclabel	r	pg_catalog	2	classoid	26	-1	t
3592	pg_shseclabel	r	pg_catalog	3	provider	25	-1	t
3592	pg_shseclabel	r	pg_catalog	4	label	25	-1	t
3596	pg_seclabel	r	pg_catalog	1	objoid	26	-1	t
3596	pg_seclabel	r	pg_catalog	2	classoid	26	-1	t
3596	pg_seclabel	r	pg_catalog	3	objsubid	23	-1	t
3596	pg_seclabel	r	pg_catalog	4	provider	25	-1	t
3596	pg_seclabel	r	pg_catalog	5	label	25	-1	t
3600	pg_ts_dict	r	pg_catalog	1	oid	26	-1	t
3600	pg_ts_dict	r	pg_catalog	2	dictname	19	-1	t
3600	pg_ts_dict	r	pg_catalog	3	dictnamespace	26	-1	t
3600	pg_ts_dict	r	pg_catalog	4	dictowner	26	-1	t
3600	pg_ts_dict	r	pg_catalog	5	dicttemplate	26	-1	t
3600	pg_ts_dict	r	pg_catalog	6	dictinitoption	25	-1	f
3601	pg_ts_parser	r	pg_catalog	1	oid	26	-1	t
3601	pg_ts_parser	r	pg_catalog	2	prsname	19	-1	t
3601	pg_ts_parser	r	pg_catalog	3	prsnamespace	26	-1	t
3601	pg_ts_parser	r	pg_catalog	4	prsstart	24	-1	t
3601	pg_ts_parser	r	pg_catalog	5	prstoken	24	-1	t
3601	pg_ts_parser	r	pg_catalog	6	prsend	24	-1	t
3601	pg_ts_parser	r	pg_catalog	7	prsheadline	24	-1	t
3601	pg_ts_parser	r	pg_catalog	8	prslextype	24	-1	t
3602	pg_ts_config	r	pg_catalog	1	oid	26	-1	t
3602	pg_ts_config	r	pg_catalog	2	cfgname	19	-1	t
3602	pg_ts_config	r	pg_catalog	3	cfgnamespace	26	-1	t
3602	pg_ts_config	r	pg_catalog	4	cfgowner	26	-1	t
3602	pg_ts_config	r	pg_catalog	5	cfgparser	26	-1	t
3603	pg_ts_config_map	r	pg_catalog	1	mapcfg	26	-1	t
3603	pg_ts_config_map	r	pg_catalog	2	maptokentype	23	-1	t
3603	pg_ts_config_map	r	pg_catalog	3	mapseqno	23	-1	t
3603	pg_ts_config_map	r	pg_catalog	4	mapdict	26	-1	t
3764	pg_ts_template	r	pg_catalog	1	oid	26	-1	t
3764	pg_ts_template	r	pg_catalog	2	tmplname	19	-1	t
3764	pg_ts_template	r	pg_catalog	3	tmplnamespace	26	-1	t
3764	pg_ts_template	r	pg_catalog	4	tmplinit	24	-1	t
3764	pg_ts_template	r	pg_catalog	5	tmpllexize	24	-1	t
6000	pg_replication_origin	r	pg_catalog	1	roident	26	-1	t
6000	pg_replication_origin	r	pg_catalog	2	roname	25	-1	t
6100	pg_subscription	r	pg_catalog	1	oid	26	-1	t
6100	pg_subscription	r	pg_catalog	2	subdbid	26	-1	t
6100	pg_subscription	r	pg_catalog	3	subskiplsn	3220	-1	t
6100	pg_subscription	r	pg_catalog	4	subname	19	-1	t
6100	pg_subscription	r	pg_catalog	5	subowner	26	-1	t
6100	pg_subscription	r	pg_catalog	6	subenabled	16	-1	t
6100	pg_subscription	r	pg_catalog	7	subbinary	16	-1	t
6100	pg_subscription	r	pg_catalog	8	substream	18	-1	t
6100	pg_subscription	r	pg_catalog	9	subtwophasestate	18	-1	t
6100	pg_subscription	r	pg_catalog	10	subdisableonerr	16	-1	t
6100	pg_subscription	r	pg_catalog	11	subpasswordrequired	16	-1	t
6100	pg_subscription	r	pg_catalog	12	subrunasowner	16	-1	t
6100	pg_subscription	r	pg_catalog	13	subfailover	16	-1	t
6100	pg_subscription	r	pg_catalog	14	subconninfo	25	-1	t
6100	pg_subscription	r	pg_catalog	15	subslotname	19	-1	f
6100	pg_subscription	r	pg_catalog	16	subsynccommit	25	-1	t
6100	pg_subscription	r	pg_catalog	17	subpublications	1009	-1	t
6100	pg_subscription	r	pg_catalog	18	suborigin	25	-1	f
6102	pg_subscription_rel	r	pg_catalog	1	srsubid	26	-1	t
6102	pg_subscription_rel	r	pg_catalog	2	srrelid	26	-1	t
6102	pg_subscription_rel	r	pg_catalog	3	srsubstate	18	-1	t
6102	pg_subscription_rel	r	pg_catalog	4	srsublsn	3220	-1	f
6104	pg_publication	r	pg_catalog	1	oid	26	-1	t
6104	pg_publication	r	pg_catalog	2	pubname	19	-1	t
6104	pg_publication	r	pg_catalog	3	pubowner	26	-1	t
6104	pg_publication	r	pg_catalog	4	puballtables	16	-1	t
6104	pg_publication	r	pg_catalog	5	pubinsert	16	-1	t
6104	pg_publication	r	pg_catalog	6	pubupdate	16	-1	t
6104	pg_publication	r	pg_catalog	7	pubdelete	16	-1	t
6104	pg_publication	r	pg_catalog	8	pubtruncate	16	-1	t
6104	pg_publication	r	pg_catalog	9	pubviaroot	16	-1	t
6106	pg_publication_rel	r	pg_catalog	1	oid	26	-1	t
6106	pg_publication_rel	r	pg_catalog	2	prpubid	26	-1	t
6106	pg_publication_rel	r	pg_catalog	3	prrelid	26	-1	t
6106	pg_publication_rel	r	pg_catalog	4	prqual	194	-1	f
6106	pg_publication_rel	r	pg_catalog	5	prattrs	22	-1	f
6237	pg_publication_namespace	r	pg_catalog	1	oid	26	-1	t
6237	pg_publication_namespace	r	pg_catalog	2	pnpubid	26	-1	t
6237	pg_publication_namespace	r	pg_catalog	3	pnnspid	26	-1	t
6243	pg_parameter_acl	r	pg_catalog	1	oid	26	-1	t
6243	pg_parameter_acl	r	pg_catalog	2	parname	25	-1	t
6243	pg_parameter_acl	r	pg_catalog	3	paracl	1034	-1	f
12000	pg_roles	v	pg_catalog	1	rolname	19	-1	f
12000	pg_roles	v	pg_catalog	2	rolsuper	16	-1	f
12000	pg_roles	v	pg_catalog	3	rolinherit	16	-1	f
12000	pg_roles	v	pg_catalog	4	rolcreaterole	16	-1	f
12000	pg_roles	v	pg_catalog	5	rolcreatedb	16	-1	f
12000	pg_roles	v	pg_catalog	6	rolcanlogin	16	-1	f
12000	pg_roles	v	pg_catalog	7	rolreplication	16	-1	f
12000	pg_roles	v	pg_catalog	8	rolconnlimit	23	-1	f
12000	pg_roles	v	pg_catalog	9	rolpassword	25	-1	f
12000	pg_roles	v	pg_catalog	10	rolvaliduntil	1184	-1	f
12000	pg_roles	v	pg_catalog	11	rolbypassrls	16	-1	f
12000	pg_roles	v	pg_catalog	12	rolconfig	1009	-1	f
12000	pg_roles	v	pg_catalog	13	oid	26	-1	f
12005	pg_shadow	v	pg_catalog	1	usename	19	-1	f
12005	pg_shadow	v	pg_catalog	2	usesysid	26	-1	f
12005	pg_shadow	v	pg_catalog	3	usecreatedb	16	-1	f
12005	pg_shadow	v	pg_catalog	4	usesuper	16	-1	f
12005	pg_shadow	v	pg_catalog	5	userepl	16	-1	f
12005	pg_shadow	v	pg_catalog	6	usebypassrls	16	-1	f
12005	pg_shadow	v	pg_catalog	7	passwd	25	-1	f
12005	pg_shadow	v	pg_catalog	8	valuntil	1184	-1	f
12005	pg_shadow	v	pg_catalog	9	useconfig	1009	-1	f
12010	pg_group	v	pg_catalog	1	groname	19	-1	f
12010	pg_group	v	pg_catalog	2	grosysid	26	-1	f
12010	pg_group	v	pg_catalog	3	grolist	1028	-1	f
12014	pg_user	v	pg_catalog	1	usename	19	-1	f
12014	pg_user	v	pg_catalog	2	usesysid	26	-1	f
12014	pg_user	v	pg_catalog	3	usecreatedb	16	-1	f
12014	pg_user	v	pg_catalog	4	usesuper	16	-1	f
12014	pg_user	v	pg_catalog	5	userepl	16	-1	f
12014	pg_user	v	pg_catalog	6	usebypassrls	16	-1	f
12014	pg_user	v	pg_catalog	7	passwd	25	-1	f
12014	pg_user	v	pg_catalog	8	valuntil	1184	-1	f
12014	pg_user	v	pg_catalog	9	useconfig	1009	-1	f
12018	pg_policies	v	pg_catalog	1	schemaname	19	-1	f
12018	pg_policies	v	pg_catalog	2	tablename	19	-1	f
12018	pg_policies	v	pg_catalog	3	policyname	19	-1	f
12018	pg_policies	v	pg_catalog	4	permissive	25	-1	f
12018	pg_policies	v	pg_catalog	5	roles	1003	-1	f
12018	pg_policies	v	pg_catalog	6	cmd	25	-1	f
12018	pg_policies	v	pg_catalog	7	qual	25	-1	f
12018	pg_policies	v	pg_catalog	8	with_check	25	-1	f
12023	pg_rules	v	pg_catalog	1	schemaname	19	-1	f
12023	pg_rules	v	pg_catalog	2	tablename	19	-1	f
12023	pg_rules	v	pg_catalog	3	rulename	19	-1	f
12023	pg_rules	v	pg_catalog	4	definition	25	-1	f
12028	pg_views	v	pg_catalog	1	schemaname	19	-1	f
12028	pg_views	v	pg_catalog	2	viewname	19	-1	f
12028	pg_views	v	pg_catalog	3	viewowner	19	-1	f
12028	pg_views	v	pg_catalog	4	definition	25	-1	f
12033	pg_tables	v	pg_catalog	1	schemaname	19	-1	f
12033	pg_tables	v	pg_catalog	2	tablename	19	-1	f
12033	pg_tables	v	pg_catalog	3	tableowner	19	-1	f
12033	pg_tables	v	pg_catalog	4	tablespace	19	-1	f
12033	pg_tables	v	pg_catalog	5	hasindexes	16	-1	f
12033	pg_tables	v	pg_catalog	6	hasrules	16	-1	f
12033	pg_tables	v	pg_catalog	7	hastriggers	16	-1	f
12033	pg_tables	v	pg_catalog	8	rowsecurity	16	-1	f
12038	pg_matviews	v	pg_catalog	1	schemaname	19	-1	f
12038	pg_matviews	v	pg_catalog	2	matviewname	19	-1	f
12038	pg_matviews	v	pg_catalog	3	matviewowner	19	-1	f
12038	pg_matviews	v	pg_catalog	4	tablespace	19	-1	f
12038	pg_matviews	v	pg_catalog	5	hasindexes	16	-1	f
12038	pg_matviews	v	pg_catalog	6	ispopulated	16	-1	f
12038	pg_matviews	v	pg_catalog	7	definition	25	-1	f
12043	pg_indexes	v	pg_catalog	1	schemaname	19	-1	f
12043	pg_indexes	v	pg_catalog	2	tablename	19	-1	f
12043	pg_indexes	v	pg_catalog	3	indexname	19	-1	f
12043	pg_indexes	v	pg_catalog	4	tablespace	19	-1	f
12043	pg_indexes	v	pg_catalog	5	indexdef	25	-1	f
12048	pg_sequences	v	pg_catalog	1	schemaname	19	-1	f
12048	pg_sequences	v	pg_catalog	2	sequencename	19	-1	f
12048	pg_sequences	v	pg_catalog	3	sequenceowner	19	-1	f
12048	pg_sequences	v	pg_catalog	4	data_type	2206	-1	f
12048	pg_sequences	v	pg_catalog	5	start_value	20	-1	f
12048	pg_sequences	v	pg_catalog	6	min_value	20	-1	f
12048	pg_sequences	v	pg_catalog	7	max_value	20	-1	f
12048	pg_sequences	v	pg_catalog	8	increment_by	20	-1	f
12048	pg_sequences	v	pg_catalog	9	cycle	16	-1	f
12048	pg_sequences	v	pg_catalog	10	cache_size	20	-1	f
12048	pg_sequences	v	pg_catalog	11	last_value	20	-1	f
12053	pg_stats	v	pg_catalog	1	schemaname	19	-1	f
12053	pg_stats	v	pg_catalog	2	tablename	19	-1	f
12053	pg_stats	v	pg_catalog	3	attname	19	-1	f
12053	pg_stats	v	pg_catalog	4	inherited	16	-1	f
12053	pg_stats	v	pg_catalog	5	null_frac	700	-1	f
12053	pg_stats	v	pg_catalog	6	avg_width	23	-1	f
12053	pg_stats	v	pg_catalog	7	n_distinct	700	-1	f
12053	pg_stats	v	pg_catalog	8	most_common_vals	2277	-1	f
12053	pg_stats	v	pg_catalog	9	most_common_freqs	1021	-1	f
12053	pg_stats	v	pg_catalog	10	histogram_bounds	2277	-1	f
12053	pg_stats	v	pg_catalog	11	correlation	700	-1	f
12053	pg_stats	v	pg_catalog	12	most_common_elems	2277	-1	f
12053	pg_stats	v	pg_catalog	13	most_common_elem_freqs	1021	-1	f
12053	pg_stats	v	pg_catalog	14	elem_count_histogram	1021	-1	f
12053	pg_stats	v	pg_catalog	15	range_length_histogram	2277	-1	f
12053	pg_stats	v	pg_catalog	16	range_empty_frac	700	-1	f
12053	pg_stats	v	pg_catalog	17	range_bounds_histogram	2277	-1	f
12058	pg_stats_ext	v	pg_catalog	1	schemaname	19	-1	f
12058	pg_stats_ext	v	pg_catalog	2	tablename	19	-1	f
12058	pg_stats_ext	v	pg_catalog	3	statistics_schemaname	19	-1	f
12058	pg_stats_ext	v	pg_catalog	4	statistics_name	19	-1	f
12058	pg_stats_ext	v	pg_catalog	5	statistics_owner	19	-1	f
12058	pg_stats_ext	v	pg_catalog	6	attnames	1003	-1	f
12058	pg_stats_ext	v	pg_catalog	7	exprs	1009	-1	f
12058	pg_stats_ext	v	pg_catalog	8	kinds	1002	-1	f
12058	pg_stats_ext	v	pg_catalog	9	inherited	16	-1	f
12058	pg_stats_ext	v	pg_catalog	10	n_distinct	3361	-1	f
12058	pg_stats_ext	v	pg_catalog	11	dependencies	3402	-1	f
12058	pg_stats_ext	v	pg_catalog	12	most_common_vals	1009	-1	f
12058	pg_stats_ext	v	pg_catalog	13	most_common_val_nulls	1000	-1	f
12058	pg_stats_ext	v	pg_catalog	14	most_common_freqs	1022	-1	f
12058	pg_stats_ext	v	pg_catalog	15	most_common_base_freqs	1022	-1	f
12063	pg_stats_ext_exprs	v	pg_catalog	1	schemaname	19	-1	f
12063	pg_stats_ext_exprs	v	pg_catalog	2	tablename	19	-1	f
12063	pg_stats_ext_exprs	v	pg_catalog	3	statistics_schemaname	19	-1	f
12063	pg_stats_ext_exprs	v	pg_catalog	4	statistics_name	19	-1	f
12063	pg_stats_ext_exprs	v	pg_catalog	5	statistics_owner	19	-1	f
12063	pg_stats_ext_exprs	v	pg_catalog	6	expr	25	-1	f
12063	pg_stats_ext_exprs	v	pg_catalog	7	inherited	16	-1	f
12063	pg_stats_ext_exprs	v	pg_catalog	8	null_frac	700	-1	f
12063	pg_stats_ext_exprs	v	pg_catalog	9	avg_width	23	-1	f
12063	pg_stats_ext_exprs	v	pg_catalog	10	n_distinct	700	-1	f
12063	pg_stats_ext_exprs	v	pg_catalog	11	most_common_vals	2277	-1	f
12063	pg_stats_ext_exprs	v	pg_catalog	12	most_common_freqs	1021	-1	f
12063	pg_stats_ext_exprs	v	pg_catalog	13	histogram_bounds	2277	-1	f
12063	pg_stats_ext_exprs	v	pg_catalog	14	correlation	700	-1	f
12063	pg_stats_ext_exprs	v	pg_catalog	15	most_common_elems	2277	-1	f
12063	pg_stats_ext_exprs	v	pg_catalog	16	most_common_elem_freqs	1021	-1	f
12063	pg_stats_ext_exprs	v	pg_catalog	17	elem_count_histogram	1021	-1	f
12068	pg_publication_tables	v	pg_catalog	1	pubname	19	-1	f
12068	pg_publication_tables	v	pg_catalog	2	schemaname	19	-1	f
12068	pg_publication_tables	v	pg_catalog	3	tablename	19	-1	f
12068	pg_publication_tables	v	pg_catalog	4	attnames	1003	-1	f
12068	pg_publication_tables	v	pg_catalog	5	rowfilter	25	-1	f
12073	pg_locks	v	pg_catalog	1	locktype	25	-1	f
12073	pg_locks	v	pg_catalog	2	database	26	-1	f
12073	pg_locks	v	pg_catalog	3	relation	26	-1	f
12073	pg_locks	v	pg_catalog	4	page	23	-1	f
12073	pg_locks	v	pg_catalog	5	tuple	21	-1	f
12073	pg_locks	v	pg_catalog	6	virtualxid	25	-1	f
12073	pg_locks	v	pg_catalog	7	transactionid	28	-1	f
12073	pg_locks	v	pg_catalog	8	classid	26	-1	f
12073	pg_locks	v	pg_catalog	9	objid	26	-1	f
12073	pg_locks	v	pg_catalog	10	objsubid	21	-1	f
12073	pg_locks	v	pg_catalog	11	virtualtransaction	25	-1	f
12073	pg_locks	v	pg_catalog	12	pid	23	-1	f
12073	pg_locks	v	pg_catalog	13	mode	25	-1	f
12073	pg_locks	v	pg_catalog	14	granted	16	-1	f
12073	pg_locks	v	pg_catalog	15	fastpath	16	-1	f
12073	pg_locks	v	pg_catalog	16	waitstart	1184	-1	f
12077	pg_cursors	v	pg_catalog	1	name	25	-1	f
12077	pg_cursors	v	pg_catalog	2	statement	25	-1	f
12077	pg_cursors	v	pg_catalog	3	is_holdable	16	-1	f
12077	pg_cursors	v	pg_catalog	4	is_binary	16	-1	f
12077	pg_cursors	v	pg_catalog	5	is_scrollable	16	-1	f
12077	pg_cursors	v	pg_catalog	6	creation_time	1184	-1	f
12081	pg_available_extensions	v	pg_catalog	1	name	19	-1	f
12081	pg_available_extensions	v	pg_catalog	2	default_version	25	-1	f
12081	pg_available_extensions	v	pg_catalog	3	installed_version	25	-1	f
12081	pg_available_extensions	v	pg_catalog	4	comment	25	-1	f
12085	pg_available_extension_versions	v	pg_catalog	1	name	19	-1	f
12085	pg_available_extension_versions	v	pg_catalog	2	version	25	-1	f
12085	pg_available_extension_versions	v	pg_catalog	3	installed	16	-1	f
12085	pg_available_extension_versions	v	pg_catalog	4	superuser	16	-1	f
12085	pg_available_extension_versions	v	pg_catalog	5	trusted	16	-1	f
12085	pg_available_extension_versions	v	pg_catalog	6	relocatable	16	-1	f
12085	pg_available_extension_versions	v	pg_catalog	7	schema	19	-1	f
12085	pg_available_extension_versions	v	pg_catalog	8	requires	1003	-1	f
12085	pg_available_extension_versions	v	pg_catalog	9	comment	25	-1	f
12090	pg_prepared_xacts	v	pg_catalog	1	transaction	28	-1	f
12090	pg_prepared_xacts	v	pg_catalog	2	gid	25	-1	f
12090	pg_prepared_xacts	v	pg_catalog	3	prepared	1184	-1	f
12090	pg_prepared_xacts	v	pg_catalog	4	owner	19	-1	f
12090	pg_prepared_xacts	v	pg_catalog	5	database	19	-1	f
12095	pg_prepared_statements	v	pg_catalog	1	name	25	-1	f
12095	pg_prepared_statements	v	pg_catalog	2	statement	25	-1	f
12095	pg_prepared_statements	v	pg_catalog	3	prepare_time	1184	-1	f
12095	pg_prepared_statements	v	pg_catalog	4	parameter_types	2211	-1	f
12095	pg_prepared_statements	v	pg_catalog	5	result_types	2211	-1	f
12095	pg_prepared_statements	v	pg_catalog	6	from_sql	16	-1	f
12095	pg_prepared_statements	v	pg_catalog	7	generic_plans	20	-1	f
12095	pg_prepared_statements	v	pg_catalog	8	custom_plans	20	-1	f
12099	pg_seclabels	v	pg_catalog	1	objoid	26	-1	f
12099	pg_seclabels	v	pg_catalog	2	classoid	26	-1	f
12099	pg_seclabels	v	pg_catalog	3	objsubid	23	-1	f
12099	pg_seclabels	v	pg_catalog	4	objtype	25	-1	f
12099	pg_seclabels	v	pg_catalog	5	objnamespace	26	-1	f
12099	pg_seclabels	v	pg_catalog	6	objname	25	-1	f
12099	pg_seclabels	v	pg_catalog	7	provider	25	-1	f
12099	pg_seclabels	v	pg_catalog	8	label	25	-1	f
12104	pg_settings	v	pg_catalog	1	name	25	-1	f
12104	pg_settings	v	pg_catalog	2	setting	25	-1	f
12104	pg_settings	v	pg_catalog	3	unit	25	-1	f
12104	pg_settings	v	pg_catalog	4	category	25	-1	f
12104	pg_settings	v	pg_catalog	5	short_desc	25	-1	f
12104	pg_settings	v	pg_catalog	6	extra_desc	25	-1	f
12104	pg_settings	v	pg_catalog	7	context	25	-1	f
12104	pg_settings	v	pg_catalog	8	vartype	25	-1	f
12104	pg_settings	v	pg_catalog	9	source	25	-1	f
12104	pg_settings	v	pg_catalog	10	min_val	25	-1	f
12104	pg_settings	v	pg_catalog	11	max_val	25	-1	f
12104	pg_settings	v	pg_catalog	12	enumvals	1009	-1	f
12104	pg_settings	v	pg_catalog	13	boot_val	25	-1	f
12104	pg_settings	v	pg_catalog	14	reset_val	25	-1	f
12104	pg_settings	v	pg_catalog	15	sourcefile	25	-1	f
12104	pg_settings	v	pg_catalog	16	sourceline	23	-1	f
12104	pg_settings	v	pg_catalog	17	pending_restart	16	-1	f
12110	pg_file_settings	v	pg_catalog	1	sourcefile	25	-1	f
12110	pg_file_settings	v	pg_catalog	2	sourceline	23	-1	f
12110	pg_file_settings	v	pg_catalog	3	seqno	23	-1	f
12110	pg_file_settings	v	pg_catalog	4	name	25	-1	f
12110	pg_file_settings	v	pg_catalog	5	setting	25	-1	f
12110	pg_file_settings	v	pg_catalog	6	applied	16	-1	f
12110	pg_file_settings	v	pg_catalog	7	error	25	-1	f
12114	pg_hba_file_rules	v	pg_catalog	1	rule_number	23	-1	f
12114	pg_hba_file_rules	v	pg_catalog	2	file_name	25	-1	f
12114	pg_hba_file_rules	v	pg_catalog	3	line_number	23	-1	f
12114	pg_hba_file_rules	v	pg_catalog	4	type	25	-1	f
12114	pg_hba_file_rules	v	pg_catalog	5	database	1009	-1	f
12114	pg_hba_file_rules	v	pg_catalog	6	user_name	1009	-1	f
12114	pg_hba_file_rules	v	pg_catalog	7	address	25	-1	f
12114	pg_hba_file_rules	v	pg_catalog	8	netmask	25	-1	f
12114	pg_hba_file_rules	v	pg_catalog	9	auth_method	25	-1	f
12114	pg_hba_file_rules	v	pg_catalog	10	options	1009	-1	f
12114	pg_hba_file_rules	v	pg_catalog	11	error	25	-1	f
12118	pg_ident_file_mappings	v	pg_catalog	1	map_number	23	-1	f
12118	pg_ident_file_mappings	v	pg_catalog	2	file_name	25	-1	f
12118	pg_ident_file_mappings	v	pg_catalog	3	line_number	23	-1	f
12118	pg_ident_file_mappings	v	pg_catalog	4	map_name	25	-1	f
12118	pg_ident_file_mappings	v	pg_catalog	5	sys_name	25	-1	f
12118	pg_ident_file_mappings	v	pg_catalog	6	pg_username	25	-1	f
12118	pg_ident_file_mappings	v	pg_catalog	7	error	25	-1	f
12122	pg_timezone_abbrevs	v	pg_catalog	1	abbrev	25	-1	f
12122	pg_timezone_abbrevs	v	pg_catalog	2	utc_offset	1186	-1	f
12122	pg_timezone_abbrevs	v	pg_catalog	3	is_dst	16	-1	f
12126	pg_timezone_names	v	pg_catalog	1	name	25	-1	f
12126	pg_timezone_names	v	pg_catalog	2	abbrev	25	-1	f
12126	pg_timezone_names	v	pg_catalog	3	utc_offset	1186	-1	f
12126	pg_timezone_names	v	pg_catalog	4	is_dst	16	-1	f
12130	pg_config	v	pg_catalog	1	name	25	-1	f
12130	pg_config	v	pg_catalog	2	setting	25	-1	f
12134	pg_shmem_allocations	v	pg_catalog	1	name	25	-1	f
12134	pg_shmem_allocations	v	pg_catalog	2	off	20	-1	f
12134	pg_shmem_allocations	v	pg_catalog	3	size	20	-1	f
12134	pg_shmem_allocations	v	pg_catalog	4	allocated_size	20	-1	f
12138	pg_backend_memory_contexts	v	pg_catalog	1	name	25	-1	f
12138	pg_backend_memory_contexts	v	pg_catalog	2	ident	25	-1	f
12138	pg_backend_memory_contexts	v	pg_catalog	3	parent	25	-1	f
12138	pg_backend_memory_contexts	v	pg_catalog	4	level	23	-1	f
12138	pg_backend_memory_contexts	v	pg_catalog	5	total_bytes	20	-1	f
12138	pg_backend_memory_contexts	v	pg_catalog	6	total_nblocks	20	-1	f
12138	pg_backend_memory_contexts	v	pg_catalog	7	free_bytes	20	-1	f
12138	pg_backend_memory_contexts	v	pg_catalog	8	free_chunks	20	-1	f
12138	pg_backend_memory_contexts	v	pg_catalog	9	used_bytes	20	-1	f
12142	pg_stat_all_tables	v	pg_catalog	1	relid	26	-1	f
12142	pg_stat_all_tables	v	pg_catalog	2	schemaname	19	-1	f
12142	pg_stat_all_tables	v	pg_catalog	3	relname	19	-1	f
12142	pg_stat_all_tables	v	pg_catalog	4	seq_scan	20	-1	f
12142	pg_stat_all_tables	v	pg_catalog	5	last_seq_scan	1184	-1	f
12142	pg_stat_all_tables	v	pg_catalog	6	seq_tup_read	20	-1	f
12142	pg_stat_all_tables	v	pg_catalog	7	idx_scan	20	-1	f
12142	pg_stat_all_tables	v	pg_catalog	8	last_idx_scan	1184	-1	f
12142	pg_stat_all_tables	v	pg_catalog	9	idx_tup_fetch	20	-1	f
12142	pg_stat_all_tables	v	pg_catalog	10	n_tup_ins	20	-1	f
12142	pg_stat_all_tables	v	pg_catalog	11	n_tup_upd	20	-1	f
12142	pg_stat_all_tables	v	pg_catalog	12	n_tup_del	20	-1	f
12142	pg_stat_all_tables	v	pg_catalog	13	n_tup_hot_upd	20	-1	f
12142	pg_stat_all_tables	v	pg_catalog	14	n_tup_newpage_upd	20	-1	f
12142	pg_stat_all_tables	v	pg_catalog	15	n_live_tup	20	-1	f
12142	pg_stat_all_tables	v	pg_catalog	16	n_dead_tup	20	-1	f
12142	pg_stat_all_tables	v	pg_catalog	17	n_mod_since_analyze	20	-1	f
12142	pg_stat_all_tables	v	pg_catalog	18	n_ins_since_vacuum	20	-1	f
12142	pg_stat_all_tables	v	pg_catalog	19	last_vacuum	1184	-1	f
12142	pg_stat_all_tables	v	pg_catalog	20	last_autovacuum	1184	-1	f
12142	pg_stat_all_tables	v	pg_catalog	21	last_analyze	1184	-1	f
12142	pg_stat_all_tables	v	pg_catalog	22	last_autoanalyze	1184	-1	f
12142	pg_stat_all_tables	v	pg_catalog	23	vacuum_count	20	-1	f
12142	pg_stat_all_tables	v	pg_catalog	24	autovacuum_count	20	-1	f
12142	pg_stat_all_tables	v	pg_catalog	25	analyze_count	20	-1	f
12142	pg_stat_all_tables	v	pg_catalog	26	autoanalyze_count	20	-1	f
12147	pg_stat_xact_all_tables	v	pg_catalog	1	relid	26	-1	f
12147	pg_stat_xact_all_tables	v	pg_catalog	2	schemaname	19	-1	f
12147	pg_stat_xact_all_tables	v	pg_catalog	3	relname	19	-1	f
12147	pg_stat_xact_all_tables	v	pg_catalog	4	seq_scan	20	-1	f
12147	pg_stat_xact_all_tables	v	pg_catalog	5	seq_tup_read	20	-1	f
12147	pg_stat_xact_all_tables	v	pg_catalog	6	idx_scan	20	-1	f
12147	pg_stat_xact_all_tables	v	pg_catalog	7	idx_tup_fetch	20	-1	f
12147	pg_stat_xact_all_tables	v	pg_catalog	8	n_tup_ins	20	-1	f
12147	pg_stat_xact_all_tables	v	pg_catalog	9	n_tup_upd	20	-1	f
12147	pg_stat_xact_all_tables	v	pg_catalog	10	n_tup_del	20	-1	f
12147	pg_stat_xact_all_tables	v	pg_catalog	11	n_tup_hot_upd	20	-1	f
12147	pg_stat_xact_all_tables	v	pg_catalog	12	n_tup_newpage_upd	20	-1	f
12152	pg_stat_sys_tables	v	pg_catalog	1	relid	26	-1	f
12152	pg_stat_sys_tables	v	pg_catalog	2	schemaname	19	-1	f
12152	pg_stat_sys_tables	v	pg_catalog	3	relname	19	-1	f
12152	pg_stat_sys_tables	v	pg_catalog	4	seq_scan	20	-1	f
12152	pg_stat_sys_tables	v	pg_catalog	5	last_seq_scan	1184	-1	f
12152	pg_stat_sys_tables	v	pg_catalog	6	seq_tup_read	20	-1	f
12152	pg_stat_sys_tables	v	pg_catalog	7	idx_scan	20	-1	f
12152	pg_stat_sys_tables	v	pg_catalog	8	last_idx_scan	1184	-1	f
12152	pg_stat_sys_tables	v	pg_catalog	9	idx_tup_fetch	20	-1	f
12152	pg_stat_sys_tables	v	pg_catalog	10	n_tup_ins	20	-1	f
12152	pg_stat_sys_tables	v	pg_catalog	11	n_tup_upd	20	-1	f
12152	pg_stat_sys_tables	v	pg_catalog	12	n_tup_del	20	-1	f
12152	pg_stat_sys_tables	v	pg_catalog	13	n_tup_hot_upd	20	-1	f
12152	pg_stat_sys_tables	v	pg_catalog	14	n_tup_newpage_upd	20	-1	f
12152	pg_stat_sys_tables	v	pg_catalog	15	n_live_tup	20	-1	f
12152	pg_stat_sys_tables	v	pg_catalog	16	n_dead_tup	20	-1	f
12152	pg_stat_sys_tables	v	pg_catalog	17	n_mod_since_analyze	20	-1	f
12152	pg_stat_sys_tables	v	pg_catalog	18	n_ins_since_vacuum	20	-1	f
12152	pg_stat_sys_tables	v	pg_catalog	19	last_vacuum	1184	-1	f
12152	pg_stat_sys_tables	v	pg_catalog	20	last_autovacuum	1184	-1	f
12152	pg_stat_sys_tables	v	pg_catalog	21	last_analyze	1184	-1	f
12152	pg_stat_sys_tables	v	pg_catalog	22	last_autoanalyze	1184	-1	f
12152	pg_stat_sys_tables	v	pg_catalog	23	vacuum_count	20	-1	f
12152	pg_stat_sys_tables	v	pg_catalog	24	autovacuum_count	20	-1	f
12152	pg_stat_sys_tables	v	pg_catalog	25	analyze_count	20	-1	f
12152	pg_stat_sys_tables	v	pg_catalog	26	autoanalyze_count	20	-1	f
12157	pg_stat_xact_sys_tables	v	pg_catalog	1	relid	26	-1	f
12157	pg_stat_xact_sys_tables	v	pg_catalog	2	schemaname	19	-1	f
12157	pg_stat_xact_sys_tables	v	pg_catalog	3	relname	19	-1	f
12157	pg_stat_xact_sys_tables	v	pg_catalog	4	seq_scan	20	-1	f
12157	pg_stat_xact_sys_tables	v	pg_catalog	5	seq_tup_read	20	-1	f
12157	pg_stat_xact_sys_tables	v	pg_catalog	6	idx_scan	20	-1	f
12157	pg_stat_xact_sys_tables	v	pg_catalog	7	idx_tup_fetch	20	-1	f
12157	pg_stat_xact_sys_tables	v	pg_catalog	8	n_tup_ins	20	-1	f
12157	pg_stat_xact_sys_tables	v	pg_catalog	9	n_tup_upd	20	-1	f
12157	pg_stat_xact_sys_tables	v	pg_catalog	10	n_tup_del	20	-1	f
12157	pg_stat_xact_sys_tables	v	pg_catalog	11	n_tup_hot_upd	20	-1	f
12157	pg_stat_xact_sys_tables	v	pg_catalog	12	n_tup_newpage_upd	20	-1	f
12161	pg_stat_user_tables	v	pg_catalog	1	relid	26	-1	f
12161	pg_stat_user_tables	v	pg_catalog	2	schemaname	19	-1	f
12161	pg_stat_user_tables	v	pg_catalog	3	relname	19	-1	f
12161	pg_stat_user_tables	v	pg_catalog	4	seq_scan	20	-1	f
12161	pg_stat_user_tables	v	pg_catalog	5	last_seq_scan	1184	-1	f
12161	pg_stat_user_tables	v	pg_catalog	6	seq_tup_read	20	-1	f
12161	pg_stat_user_tables	v	pg_catalog	7	idx_scan	20	-1	f
12161	pg_stat_user_tables	v	pg_catalog	8	last_idx_scan	1184	-1	f
12161	pg_stat_user_tables	v	pg_catalog	9	idx_tup_fetch	20	-1	f
12161	pg_stat_user_tables	v	pg_catalog	10	n_tup_ins	20	-1	f
12161	pg_stat_user_tables	v	pg_catalog	11	n_tup_upd	20	-1	f
12161	pg_stat_user_tables	v	pg_catalog	12	n_tup_del	20	-1	f
12161	pg_stat_user_tables	v	pg_catalog	13	n_tup_hot_upd	20	-1	f
12161	pg_stat_user_tables	v	pg_catalog	14	n_tup_newpage_upd	20	-1	f
12161	pg_stat_user_tables	v	pg_catalog	15	n_live_tup	20	-1	f
12161	pg_stat_user_tables	v	pg_catalog	16	n_dead_tup	20	-1	f
12161	pg_stat_user_tables	v	pg_catalog	17	n_mod_since_analyze	20	-1	f
12161	pg_stat_user_tables	v	pg_catalog	18	n_ins_since_vacuum	20	-1	f
12161	pg_stat_user_tables	v	pg_catalog	19	last_vacuum	1184	-1	f
12161	pg_stat_user_tables	v	pg_catalog	20	last_autovacuum	1184	-1	f
12161	pg_stat_user_tables	v	pg_catalog	21	last_analyze	1184	-1	f
12161	pg_stat_user_tables	v	pg_catalog	22	last_autoanalyze	1184	-1	f
12161	pg_stat_user_tables	v	pg_catalog	23	vacuum_count	20	-1	f
12161	pg_stat_user_tables	v	pg_catalog	24	autovacuum_count	20	-1	f
12161	pg_stat_user_tables	v	pg_catalog	25	analyze_count	20	-1	f
12161	pg_stat_user_tables	v	pg_catalog	26	autoanalyze_count	20	-1	f
12166	pg_stat_xact_user_tables	v	pg_catalog	1	relid	26	-1	f
12166	pg_stat_xact_user_tables	v	pg_catalog	2	schemaname	19	-1	f
12166	pg_stat_xact_user_tables	v	pg_catalog	3	relname	19	-1	f
12166	pg_stat_xact_user_tables	v	pg_catalog	4	seq_scan	20	-1	f
12166	pg_stat_xact_user_tables	v	pg_catalog	5	seq_tup_read	20	-1	f
12166	pg_stat_xact_user_tables	v	pg_catalog	6	idx_scan	20	-1	f
12166	pg_stat_xact_user_tables	v	pg_catalog	7	idx_tup_fetch	20	-1	f
12166	pg_stat_xact_user_tables	v	pg_catalog	8	n_tup_ins	20	-1	f
12166	pg_stat_xact_user_tables	v	pg_catalog	9	n_tup_upd	20	-1	f
12166	pg_stat_xact_user_tables	v	pg_catalog	10	n_tup_del	20	-1	f
12166	pg_stat_xact_user_tables	v	pg_catalog	11	n_tup_hot_upd	20	-1	f
12166	pg_stat_xact_user_tables	v	pg_catalog	12	n_tup_newpage_upd	20	-1	f
12170	pg_statio_all_tables	v	pg_catalog	1	relid	26	-1	f
12170	pg_statio_all_tables	v	pg_catalog	2	schemaname	19	-1	f
12170	pg_statio_all_tables	v	pg_catalog	3	relname	19	-1	f
12170	pg_statio_all_tables	v	pg_catalog	4	heap_blks_read	20	-1	f
12170	pg_statio_all_tables	v	pg_catalog	5	heap_blks_hit	20	-1	f
12170	pg_statio_all_tables	v	pg_catalog	6	idx_blks_read	20	-1	f
12170	pg_statio_all_tables	v	pg_catalog	7	idx_blks_hit	20	-1	f
12170	pg_statio_all_tables	v	pg_catalog	8	toast_blks_read	20	-1	f
12170	pg_statio_all_tables	v	pg_catalog	9	toast_blks_hit	20	-1	f
12170	pg_statio_all_tables	v	pg_catalog	10	tidx_blks_read	20	-1	f
12170	pg_statio_all_tables	v	pg_catalog	11	tidx_blks_hit	20	-1	f
12175	pg_statio_sys_tables	v	pg_catalog	1	relid	26	-1	f
12175	pg_statio_sys_tables	v	pg_catalog	2	schemaname	19	-1	f
12175	pg_statio_sys_tables	v	pg_catalog	3	relname	19	-1	f
12175	pg_statio_sys_tables	v	pg_catalog	4	heap_blks_read	20	-1	f
12175	pg_statio_sys_tables	v	pg_catalog	5	heap_blks_hit	20	-1	f
12175	pg_statio_sys_tables	v	pg_catalog	6	idx_blks_read	20	-1	f
12175	pg_statio_sys_tables	v	pg_catalog	7	idx_blks_hit	20	-1	f
12175	pg_statio_sys_tables	v	pg_catalog	8	toast_blks_read	20	-1	f
12175	pg_statio_sys_tables	v	pg_catalog	9	toast_blks_hit	20	-1	f
12175	pg_statio_sys_tables	v	pg_catalog	10	tidx_blks_read	20	-1	f
12175	pg_statio_sys_tables	v	pg_catalog	11	tidx_blks_hit	20	-1	f
12179	pg_statio_user_tables	v	pg_catalog	1	relid	26	-1	f
12179	pg_statio_user_tables	v	pg_catalog	2	schemaname	19	-1	f
12179	pg_statio_user_tables	v	pg_catalog	3	relname	19	-1	f
12179	pg_statio_user_tables	v	pg_catalog	4	heap_blks_read	20	-1	f
12179	pg_statio_user_tables	v	pg_catalog	5	heap_blks_hit	20	-1	f
12179	pg_statio_user_tables	v	pg_catalog	6	idx_blks_read	20	-1	f
12179	pg_statio_user_tables	v	pg_catalog	7	idx_blks_hit	20	-1	f
12179	pg_statio_user_tables	v	pg_catalog	8	toast_blks_read	20	-1	f
12179	pg_statio_user_tables	v	pg_catalog	9	toast_blks_hit	20	-1	f
12179	pg_statio_user_tables	v	pg_catalog	10	tidx_blks_read	20	-1	f
12179	pg_statio_user_tables	v	pg_catalog	11	tidx_blks_hit	20	-1	f
12183	pg_stat_all_indexes	v	pg_catalog	1	relid	26	-1	f
12183	pg_stat_all_indexes	v	pg_catalog	2	indexrelid	26	-1	f
12183	pg_stat_all_indexes	v	pg_catalog	3	schemaname	19	-1	f
12183	pg_stat_all_indexes	v	pg_catalog	4	relname	19	-1	f
12183	pg_stat_all_indexes	v	pg_catalog	5	indexrelname	19	-1	f
12183	pg_stat_all_indexes	v	pg_catalog	6	idx_scan	20	-1	f
12183	pg_stat_all_indexes	v	pg_catalog	7	last_idx_scan	1184	-1	f
12183	pg_stat_all_indexes	v	pg_catalog	8	idx_tup_read	20	-1	f
12183	pg_stat_all_indexes	v	pg_catalog	9	idx_tup_fetch	20	-1	f
12188	pg_stat_sys_indexes	v	pg_catalog	1	relid	26	-1	f
12188	pg_stat_sys_indexes	v	pg_catalog	2	indexrelid	26	-1	f
12188	pg_stat_sys_indexes	v	pg_catalog	3	schemaname	19	-1	f
12188	pg_stat_sys_indexes	v	pg_catalog	4	relname	19	-1	f
12188	pg_stat_sys_indexes	v	pg_catalog	5	indexrelname	19	-1	f
12188	pg_stat_sys_indexes	v	pg_catalog	6	idx_scan	20	-1	f
12188	pg_stat_sys_indexes	v	pg_catalog	7	last_idx_scan	1184	-1	f
12188	pg_stat_sys_indexes	v	pg_catalog	8	idx_tup_read	20	-1	f
12188	pg_stat_sys_indexes	v	pg_catalog	9	idx_tup_fetch	20	-1	f
12192	pg_stat_user_indexes	v	pg_catalog	1	relid	26	-1	f
12192	pg_stat_user_indexes	v	pg_catalog	2	indexrelid	26	-1	f
12192	pg_stat_user_indexes	v	pg_catalog	3	schemaname	19	-1	f
12192	pg_stat_user_indexes	v	pg_catalog	4	relname	19	-1	f
12192	pg_stat_user_indexes	v	pg_catalog	5	indexrelname	19	-1	f
12192	pg_stat_user_indexes	v	pg_catalog	6	idx_scan	20	-1	f
12192	pg_stat_user_indexes	v	pg_catalog	7	last_idx_scan	1184	-1	f
12192	pg_stat_user_indexes	v	pg_catalog	8	idx_tup_read	20	-1	f
12192	pg_stat_user_indexes	v	pg_catalog	9	idx_tup_fetch	20	-1	f
12196	pg_statio_all_indexes	v	pg_catalog	1	relid	26	-1	f
12196	pg_statio_all_indexes	v	pg_catalog	2	indexrelid	26	-1	f
12196	pg_statio_all_indexes	v	pg_catalog	3	schemaname	19	-1	f
12196	pg_statio_all_indexes	v	pg_catalog	4	relname	19	-1	f
12196	pg_statio_all_indexes	v	pg_catalog	5	indexrelname	19	-1	f
12196	pg_statio_all_indexes	v	pg_catalog	6	idx_blks_read	20	-1	f
12196	pg_statio_all_indexes	v	pg_catalog	7	idx_blks_hit	20	-1	f
12201	pg_statio_sys_indexes	v	pg_catalog	1	relid	26	-1	f
12201	pg_statio_sys_indexes	v	pg_catalog	2	indexrelid	26	-1	f
12201	pg_statio_sys_indexes	v	pg_catalog	3	schemaname	19	-1	f
12201	pg_statio_sys_indexes	v	pg_catalog	4	relname	19	-1	f
12201	pg_statio_sys_indexes	v	pg_catalog	5	indexrelname	19	-1	f
12201	pg_statio_sys_indexes	v	pg_catalog	6	idx_blks_read	20	-1	f
12201	pg_statio_sys_indexes	v	pg_catalog	7	idx_blks_hit	20	-1	f
12205	pg_statio_user_indexes	v	pg_catalog	1	relid	26	-1	f
12205	pg_statio_user_indexes	v	pg_catalog	2	indexrelid	26	-1	f
12205	pg_statio_user_indexes	v	pg_catalog	3	schemaname	19	-1	f
12205	pg_statio_user_indexes	v	pg_catalog	4	relname	19	-1	f
12205	pg_statio_user_indexes	v	pg_catalog	5	indexrelname	19	-1	f
12205	pg_statio_user_indexes	v	pg_catalog	6	idx_blks_read	20	-1	f
12205	pg_statio_user_indexes	v	pg_catalog	7	idx_blks_hit	20	-1	f
12209	pg_statio_all_sequences	v	pg_catalog	1	relid	26	-1	f
12209	pg_statio_all_sequences	v	pg_catalog	2	schemaname	19	-1	f
12209	pg_statio_all_sequences	v	pg_catalog	3	relname	19	-1	f
12209	pg_statio_all_sequences	v	pg_catalog	4	blks_read	20	-1	f
12209	pg_statio_all_sequences	v	pg_catalog	5	blks_hit	20	-1	f
12214	pg_statio_sys_sequences	v	pg_catalog	1	relid	26	-1	f
12214	pg_statio_sys_sequences	v	pg_catalog	2	schemaname	19	-1	f
12214	pg_statio_sys_sequences	v	pg_catalog	3	relname	19	-1	f
12214	pg_statio_sys_sequences	v	pg_catalog	4	blks_read	20	-1	f
12214	pg_statio_sys_sequences	v	pg_catalog	5	blks_hit	20	-1	f
12218	pg_statio_user_sequences	v	pg_catalog	1	relid	26	-1	f
12218	pg_statio_user_sequences	v	pg_catalog	2	schemaname	19	-1	f
12218	pg_statio_user_sequences	v	pg_catalog	3	relname	19	-1	f
12218	pg_statio_user_sequences	v	pg_catalog	4	blks_read	20	-1	f
12218	pg_statio_user_sequences	v	pg_catalog	5	blks_hit	20	-1	f
12222	pg_stat_activity	v	pg_catalog	1	datid	26	-1	f
12222	pg_stat_activity	v	pg_catalog	2	datname	19	-1	f
12222	pg_stat_activity	v	pg_catalog	3	pid	23	-1	f
12222	pg_stat_activity	v	pg_catalog	4	leader_pid	23	-1	f
12222	pg_stat_activity	v	pg_catalog	5	usesysid	26	-1	f
12222	pg_stat_activity	v	pg_catalog	6	usename	19	-1	f
12222	pg_stat_activity	v	pg_catalog	7	application_name	25	-1	f
12222	pg_stat_activity	v	pg_catalog	8	client_addr	869	-1	f
12222	pg_stat_activity	v	pg_catalog	9	client_hostname	25	-1	f
12222	pg_stat_activity	v	pg_catalog	10	client_port	23	-1	f
12222	pg_stat_activity	v	pg_catalog	11	backend_start	1184	-1	f
12222	pg_stat_activity	v	pg_catalog	12	xact_start	1184	-1	f
12222	pg_stat_activity	v	pg_catalog	13	query_start	1184	-1	f
12222	pg_stat_activity	v	pg_catalog	14	state_change	1184	-1	f
12222	pg_stat_activity	v	pg_catalog	15	wait_event_type	25	-1	f
12222	pg_stat_activity	v	pg_catalog	16	wait_event	25	-1	f
12222	pg_stat_activity	v	pg_catalog	17	state	25	-1	f
12222	pg_stat_activity	v	pg_catalog	18	backend_xid	28	-1	f
12222	pg_stat_activity	v	pg_catalog	19	backend_xmin	28	-1	f
12222	pg_stat_activity	v	pg_catalog	20	query_id	20	-1	f
12222	pg_stat_activity	v	pg_catalog	21	query	25	-1	f
12222	pg_stat_activity	v	pg_catalog	22	backend_type	25	-1	f
12227	pg_stat_replication	v	pg_catalog	1	pid	23	-1	f
12227	pg_stat_replication	v	pg_catalog	2	usesysid	26	-1	f
12227	pg_stat_replication	v	pg_catalog	3	usename	19	-1	f
12227	pg_stat_replication	v	pg_catalog	4	application_name	25	-1	f
12227	pg_stat_replication	v	pg_catalog	5	client_addr	869	-1	f
12227	pg_stat_replication	v	pg_catalog	6	client_hostname	25	-1	f
12227	pg_stat_replication	v	pg_catalog	7	client_port	23	-1	f
12227	pg_stat_replication	v	pg_catalog	8	backend_start	1184	-1	f
12227	pg_stat_replication	v	pg_catalog	9	backend_xmin	28	-1	f
12227	pg_stat_replication	v	pg_catalog	10	state	25	-1	f
12227	pg_stat_replication	v	pg_catalog	11	sent_lsn	3220	-1	f
12227	pg_stat_replication	v	pg_catalog	12	write_lsn	3220	-1	f
12227	pg_stat_replication	v	pg_catalog	13	flush_lsn	3220	-1	f
12227	pg_stat_replication	v	pg_catalog	14	replay_lsn	3220	-1	f
12227	pg_stat_replication	v	pg_catalog	15	write_lag	1186	-1	f
12227	pg_stat_replication	v	pg_catalog	16	flush_lag	1186	-1	f
12227	pg_stat_replication	v	pg_catalog	17	replay_lag	1186	-1	f
12227	pg_stat_replication	v	pg_catalog	18	sync_priority	23	-1	f
12227	pg_stat_replication	v	pg_catalog	19	sync_state	25	-1	f
12227	pg_stat_replication	v	pg_catalog	20	reply_time	1184	-1	f
12232	pg_stat_slru	v	pg_catalog	1	name	25	-1	f
12232	pg_stat_slru	v	pg_catalog	2	blks_zeroed	20	-1	f
12232	pg_stat_slru	v	pg_catalog	3	blks_hit	20	-1	f
12232	pg_stat_slru	v	pg_catalog	4	blks_read	20	-1	f
12232	pg_stat_slru	v	pg_catalog	5	blks_written	20	-1	f
12232	pg_stat_slru	v	pg_catalog	6	blks_exists	20	-1	f
12232	pg_stat_slru	v	pg_catalog	7	flushes	20	-1	f
12232	pg_stat_slru	v	pg_catalog	8	truncates	20	-1	f
12232	pg_stat_slru	v	pg_catalog	9	stats_reset	1184	-1	f
12236	pg_stat_wal_receiver	v	pg_catalog	1	pid	23	-1	f
12236	pg_stat_wal_receiver	v	pg_catalog	2	status	25	-1	f
12236	pg_stat_wal_receiver	v	pg_catalog	3	receive_start_lsn	3220	-1	f
12236	pg_stat_wal_receiver	v	pg_catalog	4	receive_start_tli	23	-1	f
12236	pg_stat_wal_receiver	v	pg_catalog	5	written_lsn	3220	-1	f
12236	pg_stat_wal_receiver	v	pg_catalog	6	flushed_lsn	3220	-1	f
12236	pg_stat_wal_receiver	v	pg_catalog	7	received_tli	23	-1	f
12236	pg_stat_wal_receiver	v	pg_catalog	8	last_msg_send_time	1184	-1	f
12236	pg_stat_wal_receiver	v	pg_catalog	9	last_msg_receipt_time	1184	-1	f
12236	pg_stat_wal_receiver	v	pg_catalog	10	latest_end_lsn	3220	-1	f
12236	pg_stat_wal_receiver	v	pg_catalog	11	latest_end_time	1184	-1	f
12236	pg_stat_wal_receiver	v	pg_catalog	12	slot_name	25	-1	f
12236	pg_stat_wal_receiver	v	pg_catalog	13	sender_host	25	-1	f
12236	pg_stat_wal_receiver	v	pg_catalog	14	sender_port	23	-1	f
12236	pg_stat_wal_receiver	v	pg_catalog	15	conninfo	25	-1	f
12240	pg_stat_recovery_prefetch	v	pg_catalog	1	stats_reset	1184	-1	f
12240	pg_stat_recovery_prefetch	v	pg_catalog	2	prefetch	20	-1	f
12240	pg_stat_recovery_prefetch	v	pg_catalog	3	hit	20	-1	f
12240	pg_stat_recovery_prefetch	v	pg_catalog	4	skip_init	20	-1	f
12240	pg_stat_recovery_prefetch	v	pg_catalog	5	skip_new	20	-1	f
12240	pg_stat_recovery_prefetch	v	pg_catalog	6	skip_fpw	20	-1	f
12240	pg_stat_recovery_prefetch	v	pg_catalog	7	skip_rep	20	-1	f
12240	pg_stat_recovery_prefetch	v	pg_catalog	8	wal_distance	23	-1	f
12240	pg_stat_recovery_prefetch	v	pg_catalog	9	block_distance	23	-1	f
12240	pg_stat_recovery_prefetch	v	pg_catalog	10	io_depth	23	-1	f
12244	pg_stat_subscription	v	pg_catalog	1	subid	26	-1	f
12244	pg_stat_subscription	v	pg_catalog	2	subname	19	-1	f
12244	pg_stat_subscription	v	pg_catalog	3	worker_type	25	-1	f
12244	pg_stat_subscription	v	pg_catalog	4	pid	23	-1	f
12244	pg_stat_subscription	v	pg_catalog	5	leader_pid	23	-1	f
12244	pg_stat_subscription	v	pg_catalog	6	relid	26	-1	f
12244	pg_stat_subscription	v	pg_catalog	7	received_lsn	3220	-1	f
12244	pg_stat_subscription	v	pg_catalog	8	last_msg_send_time	1184	-1	f
12244	pg_stat_subscription	v	pg_catalog	9	last_msg_receipt_time	1184	-1	f
12244	pg_stat_subscription	v	pg_catalog	10	latest_end_lsn	3220	-1	f
12244	pg_stat_subscription	v	pg_catalog	11	latest_end_time	1184	-1	f
12249	pg_stat_ssl	v	pg_catalog	1	pid	23	-1	f
12249	pg_stat_ssl	v	pg_catalog	2	ssl	16	-1	f
12249	pg_stat_ssl	v	pg_catalog	3	version	25	-1	f
12249	pg_stat_ssl	v	pg_catalog	4	cipher	25	-1	f
12249	pg_stat_ssl	v	pg_catalog	5	bits	23	-1	f
12249	pg_stat_ssl	v	pg_catalog	6	client_dn	25	-1	f
12249	pg_stat_ssl	v	pg_catalog	7	client_serial	1700	-1	f
12249	pg_stat_ssl	v	pg_catalog	8	issuer_dn	25	-1	f
12253	pg_stat_gssapi	v	pg_catalog	1	pid	23	-1	f
12253	pg_stat_gssapi	v	pg_catalog	2	gss_authenticated	16	-1	f
12253	pg_stat_gssapi	v	pg_catalog	3	principal	25	-1	f
12253	pg_stat_gssapi	v	pg_catalog	4	encrypted	16	-1	f
12253	pg_stat_gssapi	v	pg_catalog	5	credentials_delegated	16	-1	f
12257	pg_replication_slots	v	pg_catalog	1	slot_name	19	-1	f
12257	pg_replication_slots	v	pg_catalog	2	plugin	19	-1	f
12257	pg_replication_slots	v	pg_catalog	3	slot_type	25	-1	f
12257	pg_replication_slots	v	pg_catalog	4	datoid	26	-1	f
12257	pg_replication_slots	v	pg_catalog	5	database	19	-1	f
12257	pg_replication_slots	v	pg_catalog	6	temporary	16	-1	f
12257	pg_replication_slots	v	pg_catalog	7	active	16	-1	f
12257	pg_replication_slots	v	pg_catalog	8	active_pid	23	-1	f
12257	pg_replication_slots	v	pg_catalog	9	xmin	28	-1	f
12257	pg_replication_slots	v	pg_catalog	10	catalog_xmin	28	-1	f
12257	pg_replication_slots	v	pg_catalog	11	restart_lsn	3220	-1	f
12257	pg_replication_slots	v	pg_catalog	12	confirmed_flush_lsn	3220	-1	f
12257	pg_replication_slots	v	pg_catalog	13	wal_status	25	-1	f
12257	pg_replication_slots	v	pg_catalog	14	safe_wal_size	20	-1	f
12257	pg_replication_slots	v	pg_catalog	15	two_phase	16	-1	f
12257	pg_replication_slots	v	pg_catalog	16	inactive_since	1184	-1	f
12257	pg_replication_slots	v	pg_catalog	17	conflicting	16	-1	f
12257	pg_replication_slots	v	pg_catalog	18	invalidation_reason	25	-1	f
12257	pg_replication_slots	v	pg_catalog	19	failover	16	-1	f
12257	pg_replication_slots	v	pg_catalog	20	synced	16	-1	f
12262	pg_stat_replication_slots	v	pg_catalog	1	slot_name	25	-1	f
12262	pg_stat_replication_slots	v	pg_catalog	2	spill_txns	20	-1	f
12262	pg_stat_replication_slots	v	pg_catalog	3	spill_count	20	-1	f
12262	pg_stat_replication_slots	v	pg_catalog	4	spill_bytes	20	-1	f
12262	pg_stat_replication_slots	v	pg_catalog	5	stream_txns	20	-1	f
12262	pg_stat_replication_slots	v	pg_catalog	6	stream_count	20	-1	f
12262	pg_stat_replication_slots	v	pg_catalog	7	stream_bytes	20	-1	f
12262	pg_stat_replication_slots	v	pg_catalog	8	total_txns	20	-1	f
12262	pg_stat_replication_slots	v	pg_catalog	9	total_bytes	20	-1	f
12262	pg_stat_replication_slots	v	pg_catalog	10	stats_reset	1184	-1	f
12266	pg_stat_database	v	pg_catalog	1	datid	26	-1	f
12266	pg_stat_database	v	pg_catalog	2	datname	19	-1	f
12266	pg_stat_database	v	pg_catalog	3	numbackends	23	-1	f
12266	pg_stat_database	v	pg_catalog	4	xact_commit	20	-1	f
12266	pg_stat_database	v	pg_catalog	5	xact_rollback	20	-1	f
12266	pg_stat_database	v	pg_catalog	6	blks_read	20	-1	f
12266	pg_stat_database	v	pg_catalog	7	blks_hit	20	-1	f
12266	pg_stat_database	v	pg_catalog	8	tup_returned	20	-1	f
12266	pg_stat_database	v	pg_catalog	9	tup_fetched	20	-1	f
12266	pg_stat_database	v	pg_catalog	10	tup_inserted	20	-1	f
12266	pg_stat_database	v	pg_catalog	11	tup_updated	20	-1	f
12266	pg_stat_database	v	pg_catalog	12	tup_deleted	20	-1	f
12266	pg_stat_database	v	pg_catalog	13	conflicts	20	-1	f
12266	pg_stat_database	v	pg_catalog	14	temp_files	20	-1	f
12266	pg_stat_database	v	pg_catalog	15	temp_bytes	20	-1	f
12266	pg_stat_database	v	pg_catalog	16	deadlocks	20	-1	f
12266	pg_stat_database	v	pg_catalog	17	checksum_failures	20	-1	f
12266	pg_stat_database	v	pg_catalog	18	checksum_last_failure	1184	-1	f
12266	pg_stat_database	v	pg_catalog	19	blk_read_time	701	-1	f
12266	pg_stat_database	v	pg_catalog	20	blk_write_time	701	-1	f
12266	pg_stat_database	v	pg_catalog	21	session_time	701	-1	f
12266	pg_stat_database	v	pg_catalog	22	active_time	701	-1	f
12266	pg_stat_database	v	pg_catalog	23	idle_in_transaction_time	701	-1	f
12266	pg_stat_database	v	pg_catalog	24	sessions	20	-1	f
12266	pg_stat_database	v	pg_catalog	25	sessions_abandoned	20	-1	f
12266	pg_stat_database	v	pg_catalog	26	sessions_fatal	20	-1	f
12266	pg_stat_database	v	pg_catalog	27	sessions_killed	20	-1	f
12266	pg_stat_database	v	pg_catalog	28	stats_reset	1184	-1	f
12271	pg_stat_database_conflicts	v	pg_catalog	1	datid	26	-1	f
12271	pg_stat_database_conflicts	v	pg_catalog	2	datname	19	-1	f
12271	pg_stat_database_conflicts	v	pg_catalog	3	confl_tablespace	20	-1	f
12271	pg_stat_database_conflicts	v	pg_catalog	4	confl_lock	20	-1	f
12271	pg_stat_database_conflicts	v	pg_catalog	5	confl_snapshot	20	-1	f
12271	pg_stat_database_conflicts	v	pg_catalog	6	confl_bufferpin	20	-1	f
12271	pg_stat_database_conflicts	v	pg_catalog	7	confl_deadlock	20	-1	f
12271	pg_stat_database_conflicts	v	pg_catalog	8	confl_active_logicalslot	20	-1	f
12275	pg_stat_user_functions	v	pg_catalog	1	funcid	26	-1	f
12275	pg_stat_user_functions	v	pg_catalog	2	schemaname	19	-1	f
12275	pg_stat_user_functions	v	pg_catalog	3	funcname	19	-1	f
12275	pg_stat_user_functions	v	pg_catalog	4	calls	20	-1	f
12275	pg_stat_user_functions	v	pg_catalog	5	total_time	701	-1	f
12275	pg_stat_user_functions	v	pg_catalog	6	self_time	701	-1	f
12280	pg_stat_xact_user_functions	v	pg_catalog	1	funcid	26	-1	f
12280	pg_stat_xact_user_functions	v	pg_catalog	2	schemaname	19	-1	f
12280	pg_stat_xact_user_functions	v	pg_catalog	3	funcname	19	-1	f
12280	pg_stat_xact_user_functions	v	pg_catalog	4	calls	20	-1	f
12280	pg_stat_xact_user_functions	v	pg_catalog	5	total_time	701	-1	f
12280	pg_stat_xact_user_functions	v	pg_catalog	6	self_time	701	-1	f
12285	pg_stat_archiver	v	pg_catalog	1	archived_count	20	-1	f
12285	pg_stat_archiver	v	pg_catalog	2	last_archived_wal	25	-1	f
12285	pg_stat_archiver	v	pg_catalog	3	last_archived_time	1184	-1	f
12285	pg_stat_archiver	v	pg_catalog	4	failed_count	20	-1	f
12285	pg_stat_archiver	v	pg_catalog	5	last_failed_wal	25	-1	f
12285	pg_stat_archiver	v	pg_catalog	6	last_failed_time	1184	-1	f
12285	pg_stat_archiver	v	pg_catalog	7	stats_reset	1184	-1	f
12289	pg_stat_bgwriter	v	pg_catalog	1	buffers_clean	20	-1	f
12289	pg_stat_bgwriter	v	pg_catalog	2	maxwritten_clean	20	-1	f
12289	pg_stat_bgwriter	v	pg_catalog	3	buffers_alloc	20	-1	f
12289	pg_stat_bgwriter	v	pg_catalog	4	stats_reset	1184	-1	f
12293	pg_stat_checkpointer	v	pg_catalog	1	num_timed	20	-1	f
12293	pg_stat_checkpointer	v	pg_catalog	2	num_requested	20	-1	f
12293	pg_stat_checkpointer	v	pg_catalog	3	restartpoints_timed	20	-1	f
12293	pg_stat_checkpointer	v	pg_catalog	4	restartpoints_req	20	-1	f
12293	pg_stat_checkpointer	v	pg_catalog	5	restartpoints_done	20	-1	f
12293	pg_stat_checkpointer	v	pg_catalog	6	write_time	701	-1	f
12293	pg_stat_checkpointer	v	pg_catalog	7	sync_time	701	-1	f
12293	pg_stat_checkpointer	v	pg_catalog	8	buffers_written	20	-1	f
12293	pg_stat_checkpointer	v	pg_catalog	9	stats_reset	1184	-1	f
12297	pg_stat_io	v	pg_catalog	1	backend_type	25	-1	f
12297	pg_stat_io	v	pg_catalog	2	object	25	-1	f
12297	pg_stat_io	v	pg_catalog	3	context	25	-1	f
12297	pg_stat_io	v	pg_catalog	4	reads	20	-1	f
12297	pg_stat_io	v	pg_catalog	5	read_time	701	-1	f
12297	pg_stat_io	v	pg_catalog	6	writes	20	-1	f
12297	pg_stat_io	v	pg_catalog	7	write_time	701	-1	f
12297	pg_stat_io	v	pg_catalog	8	writebacks	20	-1	f
12297	pg_stat_io	v	pg_catalog	9	writeback_time	701	-1	f
12297	pg_stat_io	v	pg_catalog	10	extends	20	-1	f
12297	pg_stat_io	v	pg_catalog	11	extend_time	701	-1	f
12297	pg_stat_io	v	pg_catalog	12	op_bytes	20	-1	f
12297	pg_stat_io	v	pg_catalog	13	hits	20	-1	f
12297	pg_stat_io	v	pg_catalog	14	evictions	20	-1	f
12297	pg_stat_io	v	pg_catalog	15	reuses	20	-1	f
12297	pg_stat_io	v	pg_catalog	16	fsyncs	20	-1	f
12297	pg_stat_io	v	pg_catalog	17	fsync_time	701	-1	f
12297	pg_stat_io	v	pg_catalog	18	stats_reset	1184	-1	f
12301	pg_stat_wal	v	pg_catalog	1	wal_records	20	-1	f
12301	pg_stat_wal	v	pg_catalog	2	wal_fpi	20	-1	f
12301	pg_stat_wal	v	pg_catalog	3	wal_bytes	1700	-1	f
12301	pg_stat_wal	v	pg_catalog	4	wal_buffers_full	20	-1	f
12301	pg_stat_wal	v	pg_catalog	5	wal_write	20	-1	f
12301	pg_stat_wal	v	pg_catalog	6	wal_sync	20	-1	f
12301	pg_stat_wal	v	pg_catalog	7	wal_write_time	701	-1	f
12301	pg_stat_wal	v	pg_catalog	8	wal_sync_time	701	-1	f
12301	pg_stat_wal	v	pg_catalog	9	stats_reset	1184	-1	f
12305	pg_stat_progress_analyze	v	pg_catalog	1	pid	23	-1	f
12305	pg_stat_progress_analyze	v	pg_catalog	2	datid	26	-1	f
12305	pg_stat_progress_analyze	v	pg_catalog	3	datname	19	-1	f
12305	pg_stat_progress_analyze	v	pg_catalog	4	relid	26	-1	f
12305	pg_stat_progress_analyze	v	pg_catalog	5	phase	25	-1	f
12305	pg_stat_progress_analyze	v	pg_catalog	6	sample_blks_total	20	-1	f
12305	pg_stat_progress_analyze	v	pg_catalog	7	sample_blks_scanned	20	-1	f
12305	pg_stat_progress_analyze	v	pg_catalog	8	ext_stats_total	20	-1	f
12305	pg_stat_progress_analyze	v	pg_catalog	9	ext_stats_computed	20	-1	f
12305	pg_stat_progress_analyze	v	pg_catalog	10	child_tables_total	20	-1	f
12305	pg_stat_progress_analyze	v	pg_catalog	11	child_tables_done	20	-1	f
12305	pg_stat_progress_analyze	v	pg_catalog	12	current_child_table_relid	26	-1	f
12310	pg_stat_progress_vacuum	v	pg_catalog	1	pid	23	-1	f
12310	pg_stat_progress_vacuum	v	pg_catalog	2	datid	26	-1	f
12310	pg_stat_progress_vacuum	v	pg_catalog	3	datname	19	-1	f
12310	pg_stat_progress_vacuum	v	pg_catalog	4	relid	26	-1	f
12310	pg_stat_progress_vacuum	v	pg_catalog	5	phase	25	-1	f
12310	pg_stat_progress_vacuum	v	pg_catalog	6	heap_blks_total	20	-1	f
12310	pg_stat_progress_vacuum	v	pg_catalog	7	heap_blks_scanned	20	-1	f
12310	pg_stat_progress_vacuum	v	pg_catalog	8	heap_blks_vacuumed	20	-1	f
12310	pg_stat_progress_vacuum	v	pg_catalog	9	index_vacuum_count	20	-1	f
12310	pg_stat_progress_vacuum	v	pg_catalog	10	max_dead_tuple_bytes	20	-1	f
12310	pg_stat_progress_vacuum	v	pg_catalog	11	dead_tuple_bytes	20	-1	f
12310	pg_stat_progress_vacuum	v	pg_catalog	12	num_dead_item_ids	20	-1	f
12310	pg_stat_progress_vacuum	v	pg_catalog	13	indexes_total	20	-1	f
12310	pg_stat_progress_vacuum	v	pg_catalog	14	indexes_processed	20	-1	f
12315	pg_stat_progress_cluster	v	pg_catalog	1	pid	23	-1	f
12315	pg_stat_progress_cluster	v	pg_catalog	2	datid	26	-1	f
12315	pg_stat_progress_cluster	v	pg_catalog	3	datname	19	-1	f
12315	pg_stat_progress_cluster	v	pg_catalog	4	relid	26	-1	f
12315	pg_stat_progress_cluster	v	pg_catalog	5	command	25	-1	f
12315	pg_stat_progress_cluster	v	pg_catalog	6	phase	25	-1	f
12315	pg_stat_progress_cluster	v	pg_catalog	7	cluster_index_relid	26	-1	f
12315	pg_stat_progress_cluster	v	pg_catalog	8	heap_tuples_scanned	20	-1	f
12315	pg_stat_progress_cluster	v	pg_catalog	9	heap_tuples_written	20	-1	f
12315	pg_stat_progress_cluster	v	pg_catalog	10	heap_blks_total	20	-1	f
12315	pg_stat_progress_cluster	v	pg_catalog	11	heap_blks_scanned	20	-1	f
12315	pg_stat_progress_cluster	v	pg_catalog	12	index_rebuild_count	20	-1	f
12320	pg_stat_progress_create_index	v	pg_catalog	1	pid	23	-1	f
12320	pg_stat_progress_create_index	v	pg_catalog	2	datid	26	-1	f
12320	pg_stat_progress_create_index	v	pg_catalog	3	datname	19	-1	f
12320	pg_stat_progress_create_index	v	pg_catalog	4	relid	26	-1	f
12320	pg_stat_progress_create_index	v	pg_catalog	5	index_relid	26	-1	f
12320	pg_stat_progress_create_index	v	pg_catalog	6	command	25	-1	f
12320	pg_stat_progress_create_index	v	pg_catalog	7	phase	25	-1	f
12320	pg_stat_progress_create_index	v	pg_catalog	8	lockers_total	20	-1	f
12320	pg_stat_progress_create_index	v	pg_catalog	9	lockers_done	20	-1	f
12320	pg_stat_progress_create_index	v	pg_catalog	10	current_locker_pid	20	-1	f
12320	pg_stat_progress_create_index	v	pg_catalog	11	blocks_total	20	-1	f
12320	pg_stat_progress_create_index	v	pg_catalog	12	blocks_done	20	-1	f
12320	pg_stat_progress_create_index	v	pg_catalog	13	tuples_total	20	-1	f
12320	pg_stat_progress_create_index	v	pg_catalog	14	tuples_done	20	-1	f
12320	pg_stat_progress_create_index	v	pg_catalog	15	partitions_total	20	-1	f
12320	pg_stat_progress_create_index	v	pg_catalog	16	partitions_done	20	-1	f
12325	pg_stat_progress_basebackup	v	pg_catalog	1	pid	23	-1	f
12325	pg_stat_progress_basebackup	v	pg_catalog	2	phase	25	-1	f
12325	pg_stat_progress_basebackup	v	pg_catalog	3	backup_total	20	-1	f
12325	pg_stat_progress_basebackup	v	pg_catalog	4	backup_streamed	20	-1	f
12325	pg_stat_progress_basebackup	v	pg_catalog	5	tablespaces_total	20	-1	f
12325	pg_stat_progress_basebackup	v	pg_catalog	6	tablespaces_streamed	20	-1	f
12329	pg_stat_progress_copy	v	pg_catalog	1	pid	23	-1	f
12329	pg_stat_progress_copy	v	pg_catalog	2	datid	26	-1	f
12329	pg_stat_progress_copy	v	pg_catalog	3	datname	19	-1	f
12329	pg_stat_progress_copy	v	pg_catalog	4	relid	26	-1	f
12329	pg_stat_progress_copy	v	pg_catalog	5	command	25	-1	f
12329	pg_stat_progress_copy	v	pg_catalog	6	type	25	-1	f
12329	pg_stat_progress_copy	v	pg_catalog	7	bytes_processed	20	-1	f
12329	pg_stat_progress_copy	v	pg_catalog	8	bytes_total	20	-1	f
12329	pg_stat_progress_copy	v	pg_catalog	9	tuples_processed	20	-1	f
12329	pg_stat_progress_copy	v	pg_catalog	10	tuples_excluded	20	-1	f
12329	pg_stat_progress_copy	v	pg_catalog	11	tuples_skipped	20	-1	f
12334	pg_user_mappings	v	pg_catalog	1	umid	26	-1	f
12334	pg_user_mappings	v	pg_catalog	2	srvid	26	-1	f
12334	pg_user_mappings	v	pg_catalog	3	srvname	19	-1	f
12334	pg_user_mappings	v	pg_catalog	4	umuser	26	-1	f
12334	pg_user_mappings	v	pg_catalog	5	usename	19	-1	f
12334	pg_user_mappings	v	pg_catalog	6	umoptions	1009	-1	f
12339	pg_replication_origin_status	v	pg_catalog	1	local_id	26	-1	f
12339	pg_replication_origin_status	v	pg_catalog	2	external_id	25	-1	f
12339	pg_replication_origin_status	v	pg_catalog	3	remote_lsn	3220	-1	f
12339	pg_replication_origin_status	v	pg_catalog	4	local_lsn	3220	-1	f
12343	pg_stat_subscription_stats	v	pg_catalog	1	subid	26	-1	f
12343	pg_stat_subscription_stats	v	pg_catalog	2	subname	19	-1	f
12343	pg_stat_subscription_stats	v	pg_catalog	3	apply_error_count	20	-1	f
12343	pg_stat_subscription_stats	v	pg_catalog	4	sync_error_count	20	-1	f
12343	pg_stat_subscription_stats	v	pg_catalog	5	stats_reset	1184	-1	f
12347	pg_wait_events	v	pg_catalog	1	type	25	-1	f
12347	pg_wait_events	v	pg_catalog	2	name	25	-1	f
12347	pg_wait_events	v	pg_catalog	3	description	25	-1	f
13154	information_schema_catalog_name	v	information_schema	1	catalog_name	13153	-1	f
13163	applicable_roles	v	information_schema	1	grantee	13153	-1	f
13163	applicable_roles	v	information_schema	2	role_name	13153	-1	f
13163	applicable_roles	v	information_schema	3	is_grantable	13161	-1	f
13168	administrable_role_authorizations	v	information_schema	1	grantee	13153	-1	f
13168	administrable_role_authorizations	v	information_schema	2	role_name	13153	-1	f
13168	administrable_role_authorizations	v	information_schema	3	is_grantable	13161	-1	f
13172	attributes	v	information_schema	1	udt_catalog	13153	-1	f
13172	attributes	v	information_schema	2	udt_schema	13153	-1	f
13172	attributes	v	information_schema	3	udt_name	13153	-1	f
13172	attributes	v	information_schema	4	attribute_name	13153	-1	f
13172	attributes	v	information_schema	5	ordinal_position	13148	-1	f
13172	attributes	v	information_schema	6	attribute_default	13151	-1	f
13172	attributes	v	information_schema	7	is_nullable	13161	-1	f
13172	attributes	v	information_schema	8	data_type	13151	-1	f
13172	attributes	v	information_schema	9	character_maximum_length	13148	-1	f
13172	attributes	v	information_schema	10	character_octet_length	13148	-1	f
13172	attributes	v	information_schema	11	character_set_catalog	13153	-1	f
13172	attributes	v	information_schema	12	character_set_schema	13153	-1	f
13172	attributes	v	information_schema	13	character_set_name	13153	-1	f
13172	attributes	v	information_schema	14	collation_catalog	13153	-1	f
13172	attributes	v	information_schema	15	collation_schema	13153	-1	f
13172	attributes	v	information_schema	16	collation_name	13153	-1	f
13172	attributes	v	information_schema	17	numeric_precision	13148	-1	f
13172	attributes	v	information_schema	18	numeric_precision_radix	13148	-1	f
13172	attributes	v	information_schema	19	numeric_scale	13148	-1	f
13172	attributes	v	information_schema	20	datetime_precision	13148	-1	f
13172	attributes	v	information_schema	21	interval_type	13151	-1	f
13172	attributes	v	information_schema	22	interval_precision	13148	-1	f
13172	attributes	v	information_schema	23	attribute_udt_catalog	13153	-1	f
13172	attributes	v	information_schema	24	attribute_udt_schema	13153	-1	f
13172	attributes	v	information_schema	25	attribute_udt_name	13153	-1	f
13172	attributes	v	information_schema	26	scope_catalog	13153	-1	f
13172	attributes	v	information_schema	27	scope_schema	13153	-1	f
13172	attributes	v	information_schema	28	scope_name	13153	-1	f
13172	attributes	v	information_schema	29	maximum_cardinality	13148	-1	f
13172	attributes	v	information_schema	30	dtd_identifier	13153	-1	f
13172	attributes	v	information_schema	31	is_derived_reference_attribute	13161	-1	f
13177	character_sets	v	information_schema	1	character_set_catalog	13153	-1	f
13177	character_sets	v	information_schema	2	character_set_schema	13153	-1	f
13177	character_sets	v	information_schema	3	character_set_name	13153	-1	f
13177	character_sets	v	information_schema	4	character_repertoire	13153	-1	f
13177	character_sets	v	information_schema	5	form_of_use	13153	-1	f
13177	character_sets	v	information_schema	6	default_collate_catalog	13153	-1	f
13177	character_sets	v	information_schema	7	default_collate_schema	13153	-1	f
13177	character_sets	v	information_schema	8	default_collate_name	13153	-1	f
13182	check_constraint_routine_usage	v	information_schema	1	constraint_catalog	13153	-1	f
13182	check_constraint_routine_usage	v	information_schema	2	constraint_schema	13153	-1	f
13182	check_constraint_routine_usage	v	information_schema	3	constraint_name	13153	-1	f
13182	check_constraint_routine_usage	v	information_schema	4	specific_catalog	13153	-1	f
13182	check_constraint_routine_usage	v	information_schema	5	specific_schema	13153	-1	f
13182	check_constraint_routine_usage	v	information_schema	6	specific_name	13153	-1	f
13187	check_constraints	v	information_schema	1	constraint_catalog	13153	-1	f
13187	check_constraints	v	information_schema	2	constraint_schema	13153	-1	f
13187	check_constraints	v	information_schema	3	constraint_name	13153	-1	f
13187	check_constraints	v	information_schema	4	check_clause	13151	-1	f
13192	collations	v	information_schema	1	collation_catalog	13153	-1	f
13192	collations	v	information_schema	2	collation_schema	13153	-1	f
13192	collations	v	information_schema	3	collation_name	13153	-1	f
13192	collations	v	information_schema	4	pad_attribute	13151	-1	f
13197	collation_character_set_applicability	v	information_schema	1	collation_catalog	13153	-1	f
13197	collation_character_set_applicability	v	information_schema	2	collation_schema	13153	-1	f
13197	collation_character_set_applicability	v	information_schema	3	collation_name	13153	-1	f
13197	collation_character_set_applicability	v	information_schema	4	character_set_catalog	13153	-1	f
13197	collation_character_set_applicability	v	information_schema	5	character_set_schema	13153	-1	f
13197	collation_character_set_applicability	v	information_schema	6	character_set_name	13153	-1	f
13202	column_column_usage	v	information_schema	1	table_catalog	13153	-1	f
13202	column_column_usage	v	information_schema	2	table_schema	13153	-1	f
13202	column_column_usage	v	information_schema	3	table_name	13153	-1	f
13202	column_column_usage	v	information_schema	4	column_name	13153	-1	f
13202	column_column_usage	v	information_schema	5	dependent_column	13153	-1	f
13207	column_domain_usage	v	information_schema	1	domain_catalog	13153	-1	f
13207	column_domain_usage	v	information_schema	2	domain_schema	13153	-1	f
13207	column_domain_usage	v	information_schema	3	domain_name	13153	-1	f
13207	column_domain_usage	v	information_schema	4	table_catalog	13153	-1	f
13207	column_domain_usage	v	information_schema	5	table_schema	13153	-1	f
13207	column_domain_usage	v	information_schema	6	table_name	13153	-1	f
13207	column_domain_usage	v	information_schema	7	column_name	13153	-1	f
13212	column_privileges	v	information_schema	1	grantor	13153	-1	f
13212	column_privileges	v	information_schema	2	grantee	13153	-1	f
13212	column_privileges	v	information_schema	3	table_catalog	13153	-1	f
13212	column_privileges	v	information_schema	4	table_schema	13153	-1	f
13212	column_privileges	v	information_schema	5	table_name	13153	-1	f
13212	column_privileges	v	information_schema	6	column_name	13153	-1	f
13212	column_privileges	v	information_schema	7	privilege_type	13151	-1	f
13212	column_privileges	v	information_schema	8	is_grantable	13161	-1	f
13217	column_udt_usage	v	information_schema	1	udt_catalog	13153	-1	f
13217	column_udt_usage	v	information_schema	2	udt_schema	13153	-1	f
13217	column_udt_usage	v	information_schema	3	udt_name	13153	-1	f
13217	column_udt_usage	v	information_schema	4	table_catalog	13153	-1	f
13217	column_udt_usage	v	information_schema	5	table_schema	13153	-1	f
13217	column_udt_usage	v	information_schema	6	table_name	13153	-1	f
13217	column_udt_usage	v	information_schema	7	column_name	13153	-1	f
13222	columns	v	information_schema	1	table_catalog	13153	-1	f
13222	columns	v	information_schema	2	table_schema	13153	-1	f
13222	columns	v	information_schema	3	table_name	13153	-1	f
13222	columns	v	information_schema	4	column_name	13153	-1	f
13222	columns	v	information_schema	5	ordinal_position	13148	-1	f
13222	columns	v	information_schema	6	column_default	13151	-1	f
13222	columns	v	information_schema	7	is_nullable	13161	-1	f
13222	columns	v	information_schema	8	data_type	13151	-1	f
13222	columns	v	information_schema	9	character_maximum_length	13148	-1	f
13222	columns	v	information_schema	10	character_octet_length	13148	-1	f
13222	columns	v	information_schema	11	numeric_precision	13148	-1	f
13222	columns	v	information_schema	12	numeric_precision_radix	13148	-1	f
13222	columns	v	information_schema	13	numeric_scale	13148	-1	f
13222	columns	v	information_schema	14	datetime_precision	13148	-1	f
13222	columns	v	information_schema	15	interval_type	13151	-1	f
13222	columns	v	information_schema	16	interval_precision	13148	-1	f
13222	columns	v	information_schema	17	character_set_catalog	13153	-1	f
13222	columns	v	information_schema	18	character_set_schema	13153	-1	f
13222	columns	v	information_schema	19	character_set_name	13153	-1	f
13222	columns	v	information_schema	20	collation_catalog	13153	-1	f
13222	columns	v	information_schema	21	collation_schema	13153	-1	f
13222	columns	v	information_schema	22	collation_name	13153	-1	f
13222	columns	v	information_schema	23	domain_catalog	13153	-1	f
13222	columns	v	information_schema	24	domain_schema	13153	-1	f
13222	columns	v	information_schema	25	domain_name	13153	-1	f
13222	columns	v	information_schema	26	udt_catalog	13153	-1	f
13222	columns	v	information_schema	27	udt_schema	13153	-1	f
13222	columns	v	information_schema	28	udt_name	13153	-1	f
13222	columns	v	information_schema	29	scope_catalog	13153	-1	f
13222	columns	v	information_schema	30	scope_schema	13153	-1	f
13222	columns	v	information_schema	31	scope_name	13153	-1	f
13222	columns	v	information_schema	32	maximum_cardinality	13148	-1	f
13222	columns	v	information_schema	33	dtd_identifier	13153	-1	f
13222	columns	v	information_schema	34	is_self_referencing	13161	-1	f
13222	columns	v	information_schema	35	is_identity	13161	-1	f
13222	columns	v	information_schema	36	identity_generation	13151	-1	f
13222	columns	v	information_schema	37	identity_start	13151	-1	f
13222	columns	v	information_schema	38	identity_increment	13151	-1	f
13222	columns	v	information_schema	39	identity_maximum	13151	-1	f
13222	columns	v	information_schema	40	identity_minimum	13151	-1	f
13222	columns	v	information_schema	41	identity_cycle	13161	-1	f
13222	columns	v	information_schema	42	is_generated	13151	-1	f
13222	columns	v	information_schema	43	generation_expression	13151	-1	f
13222	columns	v	information_schema	44	is_updatable	13161	-1	f
13227	constraint_column_usage	v	information_schema	1	table_catalog	13153	-1	f
13227	constraint_column_usage	v	information_schema	2	table_schema	13153	-1	f
13227	constraint_column_usage	v	information_schema	3	table_name	13153	-1	f
13227	constraint_column_usage	v	information_schema	4	column_name	13153	-1	f
13227	constraint_column_usage	v	information_schema	5	constraint_catalog	13153	-1	f
13227	constraint_column_usage	v	information_schema	6	constraint_schema	13153	-1	f
13227	constraint_column_usage	v	information_schema	7	constraint_name	13153	-1	f
13232	constraint_table_usage	v	information_schema	1	table_catalog	13153	-1	f
13232	constraint_table_usage	v	information_schema	2	table_schema	13153	-1	f
13232	constraint_table_usage	v	information_schema	3	table_name	13153	-1	f
13232	constraint_table_usage	v	information_schema	4	constraint_catalog	13153	-1	f
13232	constraint_table_usage	v	information_schema	5	constraint_schema	13153	-1	f
13232	constraint_table_usage	v	information_schema	6	constraint_name	13153	-1	f
13237	domain_constraints	v	information_schema	1	constraint_catalog	13153	-1	f
13237	domain_constraints	v	information_schema	2	constraint_schema	13153	-1	f
13237	domain_constraints	v	information_schema	3	constraint_name	13153	-1	f
13237	domain_constraints	v	information_schema	4	domain_catalog	13153	-1	f
13237	domain_constraints	v	information_schema	5	domain_schema	13153	-1	f
13237	domain_constraints	v	information_schema	6	domain_name	13153	-1	f
13237	domain_constraints	v	information_schema	7	is_deferrable	13161	-1	f
13237	domain_constraints	v	information_schema	8	initially_deferred	13161	-1	f
13242	domain_udt_usage	v	information_schema	1	udt_catalog	13153	-1	f
13242	domain_udt_usage	v	information_schema	2	udt_schema	13153	-1	f
13242	domain_udt_usage	v	information_schema	3	udt_name	13153	-1	f
13242	domain_udt_usage	v	information_schema	4	domain_catalog	13153	-1	f
13242	domain_udt_usage	v	information_schema	5	domain_schema	13153	-1	f
13242	domain_udt_usage	v	information_schema	6	domain_name	13153	-1	f
13246	domains	v	information_schema	1	domain_catalog	13153	-1	f
13246	domains	v	information_schema	2	domain_schema	13153	-1	f
13246	domains	v	information_schema	3	domain_name	13153	-1	f
13246	domains	v	information_schema	4	data_type	13151	-1	f
13246	domains	v	information_schema	5	character_maximum_length	13148	-1	f
13246	domains	v	information_schema	6	character_octet_length	13148	-1	f
13246	domains	v	information_schema	7	character_set_catalog	13153	-1	f
13246	domains	v	information_schema	8	character_set_schema	13153	-1	f
13246	domains	v	information_schema	9	character_set_name	13153	-1	f
13246	domains	v	information_schema	10	collation_catalog	13153	-1	f
13246	domains	v	information_schema	11	collation_schema	13153	-1	f
13246	domains	v	information_schema	12	collation_name	13153	-1	f
13246	domains	v	information_schema	13	numeric_precision	13148	-1	f
13246	domains	v	information_schema	14	numeric_precision_radix	13148	-1	f
13246	domains	v	information_schema	15	numeric_scale	13148	-1	f
13246	domains	v	information_schema	16	datetime_precision	13148	-1	f
13246	domains	v	information_schema	17	interval_type	13151	-1	f
13246	domains	v	information_schema	18	interval_precision	13148	-1	f
13246	domains	v	information_schema	19	domain_default	13151	-1	f
13246	domains	v	information_schema	20	udt_catalog	13153	-1	f
13246	domains	v	information_schema	21	udt_schema	13153	-1	f
13246	domains	v	information_schema	22	udt_name	13153	-1	f
13246	domains	v	information_schema	23	scope_catalog	13153	-1	f
13246	domains	v	information_schema	24	scope_schema	13153	-1	f
13246	domains	v	information_schema	25	scope_name	13153	-1	f
13246	domains	v	information_schema	26	maximum_cardinality	13148	-1	f
13246	domains	v	information_schema	27	dtd_identifier	13153	-1	f
13251	enabled_roles	v	information_schema	1	role_name	13153	-1	f
13255	key_column_usage	v	information_schema	1	constraint_catalog	13153	-1	f
13255	key_column_usage	v	information_schema	2	constraint_schema	13153	-1	f
13255	key_column_usage	v	information_schema	3	constraint_name	13153	-1	f
13255	key_column_usage	v	information_schema	4	table_catalog	13153	-1	f
13255	key_column_usage	v	information_schema	5	table_schema	13153	-1	f
13255	key_column_usage	v	information_schema	6	table_name	13153	-1	f
13255	key_column_usage	v	information_schema	7	column_name	13153	-1	f
13255	key_column_usage	v	information_schema	8	ordinal_position	13148	-1	f
13255	key_column_usage	v	information_schema	9	position_in_unique_constraint	13148	-1	f
13260	parameters	v	information_schema	1	specific_catalog	13153	-1	f
13260	parameters	v	information_schema	2	specific_schema	13153	-1	f
13260	parameters	v	information_schema	3	specific_name	13153	-1	f
13260	parameters	v	information_schema	4	ordinal_position	13148	-1	f
13260	parameters	v	information_schema	5	parameter_mode	13151	-1	f
13260	parameters	v	information_schema	6	is_result	13161	-1	f
13260	parameters	v	information_schema	7	as_locator	13161	-1	f
13260	parameters	v	information_schema	8	parameter_name	13153	-1	f
13260	parameters	v	information_schema	9	data_type	13151	-1	f
13260	parameters	v	information_schema	10	character_maximum_length	13148	-1	f
13260	parameters	v	information_schema	11	character_octet_length	13148	-1	f
13260	parameters	v	information_schema	12	character_set_catalog	13153	-1	f
13260	parameters	v	information_schema	13	character_set_schema	13153	-1	f
13260	parameters	v	information_schema	14	character_set_name	13153	-1	f
13260	parameters	v	information_schema	15	collation_catalog	13153	-1	f
13260	parameters	v	information_schema	16	collation_schema	13153	-1	f
13260	parameters	v	information_schema	17	collation_name	13153	-1	f
13260	parameters	v	information_schema	18	numeric_precision	13148	-1	f
13260	parameters	v	information_schema	19	numeric_precision_radix	13148	-1	f
13260	parameters	v	information_schema	20	numeric_scale	13148	-1	f
13260	parameters	v	information_schema	21	datetime_precision	13148	-1	f
13260	parameters	v	information_schema	22	interval_type	13151	-1	f
13260	parameters	v	information_schema	23	interval_precision	13148	-1	f
13260	parameters	v	information_schema	24	udt_catalog	13153	-1	f
13260	parameters	v	information_schema	25	udt_schema	13153	-1	f
13260	parameters	v	information_schema	26	udt_name	13153	-1	f
13260	parameters	v	information_schema	27	scope_catalog	13153	-1	f
13260	parameters	v	information_schema	28	scope_schema	13153	-1	f
13260	parameters	v	information_schema	29	scope_name	13153	-1	f
13260	parameters	v	information_schema	30	maximum_cardinality	13148	-1	f
13260	parameters	v	information_schema	31	dtd_identifier	13153	-1	f
13260	parameters	v	information_schema	32	parameter_default	13151	-1	f
13265	referential_constraints	v	information_schema	1	constraint_catalog	13153	-1	f
13265	referential_constraints	v	information_schema	2	constraint_schema	13153	-1	f
13265	referential_constraints	v	information_schema	3	constraint_name	13153	-1	f
13265	referential_constraints	v	information_schema	4	unique_constraint_catalog	13153	-1	f
13265	referential_constraints	v	information_schema	5	unique_constraint_schema	13153	-1	f
13265	referential_constraints	v	information_schema	6	unique_constraint_name	13153	-1	f
13265	referential_constraints	v	information_schema	7	match_option	13151	-1	f
13265	referential_constraints	v	information_schema	8	update_rule	13151	-1	f
13265	referential_constraints	v	information_schema	9	delete_rule	13151	-1	f
13270	role_column_grants	v	information_schema	1	grantor	13153	-1	f
13270	role_column_grants	v	information_schema	2	grantee	13153	-1	f
13270	role_column_grants	v	information_schema	3	table_catalog	13153	-1	f
13270	role_column_grants	v	information_schema	4	table_schema	13153	-1	f
13270	role_column_grants	v	information_schema	5	table_name	13153	-1	f
13270	role_column_grants	v	information_schema	6	column_name	13153	-1	f
13270	role_column_grants	v	information_schema	7	privilege_type	13151	-1	f
13270	role_column_grants	v	information_schema	8	is_grantable	13161	-1	f
13274	routine_column_usage	v	information_schema	1	specific_catalog	13153	-1	f
13274	routine_column_usage	v	information_schema	2	specific_schema	13153	-1	f
13274	routine_column_usage	v	information_schema	3	specific_name	13153	-1	f
13274	routine_column_usage	v	information_schema	4	routine_catalog	13153	-1	f
13274	routine_column_usage	v	information_schema	5	routine_schema	13153	-1	f
13274	routine_column_usage	v	information_schema	6	routine_name	13153	-1	f
13274	routine_column_usage	v	information_schema	7	table_catalog	13153	-1	f
13274	routine_column_usage	v	information_schema	8	table_schema	13153	-1	f
13274	routine_column_usage	v	information_schema	9	table_name	13153	-1	f
13274	routine_column_usage	v	information_schema	10	column_name	13153	-1	f
13279	routine_privileges	v	information_schema	1	grantor	13153	-1	f
13279	routine_privileges	v	information_schema	2	grantee	13153	-1	f
13279	routine_privileges	v	information_schema	3	specific_catalog	13153	-1	f
13279	routine_privileges	v	information_schema	4	specific_schema	13153	-1	f
13279	routine_privileges	v	information_schema	5	specific_name	13153	-1	f
13279	routine_privileges	v	information_schema	6	routine_catalog	13153	-1	f
13279	routine_privileges	v	information_schema	7	routine_schema	13153	-1	f
13279	routine_privileges	v	information_schema	8	routine_name	13153	-1	f
13279	routine_privileges	v	information_schema	9	privilege_type	13151	-1	f
13279	routine_privileges	v	information_schema	10	is_grantable	13161	-1	f
13284	role_routine_grants	v	information_schema	1	grantor	13153	-1	f
13284	role_routine_grants	v	information_schema	2	grantee	13153	-1	f
13284	role_routine_grants	v	information_schema	3	specific_catalog	13153	-1	f
13284	role_routine_grants	v	information_schema	4	specific_schema	13153	-1	f
13284	role_routine_grants	v	information_schema	5	specific_name	13153	-1	f
13284	role_routine_grants	v	information_schema	6	routine_catalog	13153	-1	f
13284	role_routine_grants	v	information_schema	7	routine_schema	13153	-1	f
13284	role_routine_grants	v	information_schema	8	routine_name	13153	-1	f
13284	role_routine_grants	v	information_schema	9	privilege_type	13151	-1	f
13284	role_routine_grants	v	information_schema	10	is_grantable	13161	-1	f
13288	routine_routine_usage	v	information_schema	1	specific_catalog	13153	-1	f
13288	routine_routine_usage	v	information_schema	2	specific_schema	13153	-1	f
13288	routine_routine_usage	v	information_schema	3	specific_name	13153	-1	f
13288	routine_routine_usage	v	information_schema	4	routine_catalog	13153	-1	f
13288	routine_routine_usage	v	information_schema	5	routine_schema	13153	-1	f
13288	routine_routine_usage	v	information_schema	6	routine_name	13153	-1	f
13293	routine_sequence_usage	v	information_schema	1	specific_catalog	13153	-1	f
13293	routine_sequence_usage	v	information_schema	2	specific_schema	13153	-1	f
13293	routine_sequence_usage	v	information_schema	3	specific_name	13153	-1	f
13293	routine_sequence_usage	v	information_schema	4	routine_catalog	13153	-1	f
13293	routine_sequence_usage	v	information_schema	5	routine_schema	13153	-1	f
13293	routine_sequence_usage	v	information_schema	6	routine_name	13153	-1	f
13293	routine_sequence_usage	v	information_schema	7	sequence_catalog	13153	-1	f
13293	routine_sequence_usage	v	information_schema	8	sequence_schema	13153	-1	f
13293	routine_sequence_usage	v	information_schema	9	sequence_name	13153	-1	f
13298	routine_table_usage	v	information_schema	1	specific_catalog	13153	-1	f
13298	routine_table_usage	v	information_schema	2	specific_schema	13153	-1	f
13298	routine_table_usage	v	information_schema	3	specific_name	13153	-1	f
13298	routine_table_usage	v	information_schema	4	routine_catalog	13153	-1	f
13298	routine_table_usage	v	information_schema	5	routine_schema	13153	-1	f
13298	routine_table_usage	v	information_schema	6	routine_name	13153	-1	f
13298	routine_table_usage	v	information_schema	7	table_catalog	13153	-1	f
13298	routine_table_usage	v	information_schema	8	table_schema	13153	-1	f
13298	routine_table_usage	v	information_schema	9	table_name	13153	-1	f
13303	routines	v	information_schema	1	specific_catalog	13153	-1	f
13303	routines	v	information_schema	2	specific_schema	13153	-1	f
13303	routines	v	information_schema	3	specific_name	13153	-1	f
13303	routines	v	information_schema	4	routine_catalog	13153	-1	f
13303	routines	v	information_schema	5	routine_schema	13153	-1	f
13303	routines	v	information_schema	6	routine_name	13153	-1	f
13303	routines	v	information_schema	7	routine_type	13151	-1	f
13303	routines	v	information_schema	8	module_catalog	13153	-1	f
13303	routines	v	information_schema	9	module_schema	13153	-1	f
13303	routines	v	information_schema	10	module_name	13153	-1	f
13303	routines	v	information_schema	11	udt_catalog	13153	-1	f
13303	routines	v	information_schema	12	udt_schema	13153	-1	f
13303	routines	v	information_schema	13	udt_name	13153	-1	f
13303	routines	v	information_schema	14	data_type	13151	-1	f
13303	routines	v	information_schema	15	character_maximum_length	13148	-1	f
13303	routines	v	information_schema	16	character_octet_length	13148	-1	f
13303	routines	v	information_schema	17	character_set_catalog	13153	-1	f
13303	routines	v	information_schema	18	character_set_schema	13153	-1	f
13303	routines	v	information_schema	19	character_set_name	13153	-1	f
13303	routines	v	information_schema	20	collation_catalog	13153	-1	f
13303	routines	v	information_schema	21	collation_schema	13153	-1	f
13303	routines	v	information_schema	22	collation_name	13153	-1	f
13303	routines	v	information_schema	23	numeric_precision	13148	-1	f
13303	routines	v	information_schema	24	numeric_precision_radix	13148	-1	f
13303	routines	v	information_schema	25	numeric_scale	13148	-1	f
13303	routines	v	information_schema	26	datetime_precision	13148	-1	f
13303	routines	v	information_schema	27	interval_type	13151	-1	f
13303	routines	v	information_schema	28	interval_precision	13148	-1	f
13303	routines	v	information_schema	29	type_udt_catalog	13153	-1	f
13303	routines	v	information_schema	30	type_udt_schema	13153	-1	f
13303	routines	v	information_schema	31	type_udt_name	13153	-1	f
13303	routines	v	information_schema	32	scope_catalog	13153	-1	f
13303	routines	v	information_schema	33	scope_schema	13153	-1	f
13303	routines	v	information_schema	34	scope_name	13153	-1	f
13303	routines	v	information_schema	35	maximum_cardinality	13148	-1	f
13303	routines	v	information_schema	36	dtd_identifier	13153	-1	f
13303	routines	v	information_schema	37	routine_body	13151	-1	f
13303	routines	v	information_schema	38	routine_definition	13151	-1	f
13303	routines	v	information_schema	39	external_name	13151	-1	f
13303	routines	v	information_schema	40	external_language	13151	-1	f
13303	routines	v	information_schema	41	parameter_style	13151	-1	f
13303	routines	v	information_schema	42	is_deterministic	13161	-1	f
13303	routines	v	information_schema	43	sql_data_access	13151	-1	f
13303	routines	v	information_schema	44	is_null_call	13161	-1	f
13303	routines	v	information_schema	45	sql_path	13151	-1	f
13303	routines	v	information_schema	46	schema_level_routine	13161	-1	f
13303	routines	v	information_schema	47	max_dynamic_result_sets	13148	-1	f
13303	routines	v	information_schema	48	is_user_defined_cast	13161	-1	f
13303	routines	v	information_schema	49	is_implicitly_invocable	13161	-1	f
13303	routines	v	information_schema	50	security_type	13151	-1	f
13303	routines	v	information_schema	51	to_sql_specific_catalog	13153	-1	f
13303	routines	v	information_schema	52	to_sql_specific_schema	13153	-1	f
13303	routines	v	information_schema	53	to_sql_specific_name	13153	-1	f
13303	routines	v	information_schema	54	as_locator	13161	-1	f
13303	routines	v	information_schema	55	created	13159	-1	f
13303	routines	v	information_schema	56	last_altered	13159	-1	f
13303	routines	v	information_schema	57	new_savepoint_level	13161	-1	f
13303	routines	v	information_schema	58	is_udt_dependent	13161	-1	f
13303	routines	v	information_schema	59	result_cast_from_data_type	13151	-1	f
13303	routines	v	information_schema	60	result_cast_as_locator	13161	-1	f
13303	routines	v	information_schema	61	result_cast_char_max_length	13148	-1	f
13303	routines	v	information_schema	62	result_cast_char_octet_length	13148	-1	f
13303	routines	v	information_schema	63	result_cast_char_set_catalog	13153	-1	f
13303	routines	v	information_schema	64	result_cast_char_set_schema	13153	-1	f
13303	routines	v	information_schema	65	result_cast_char_set_name	13153	-1	f
13303	routines	v	information_schema	66	result_cast_collation_catalog	13153	-1	f
13303	routines	v	information_schema	67	result_cast_collation_schema	13153	-1	f
13303	routines	v	information_schema	68	result_cast_collation_name	13153	-1	f
13303	routines	v	information_schema	69	result_cast_numeric_precision	13148	-1	f
13303	routines	v	information_schema	70	result_cast_numeric_precision_radix	13148	-1	f
13303	routines	v	information_schema	71	result_cast_numeric_scale	13148	-1	f
13303	routines	v	information_schema	72	result_cast_datetime_precision	13148	-1	f
13303	routines	v	information_schema	73	result_cast_interval_type	13151	-1	f
13303	routines	v	information_schema	74	result_cast_interval_precision	13148	-1	f
13303	routines	v	information_schema	75	result_cast_type_udt_catalog	13153	-1	f
13303	routines	v	information_schema	76	result_cast_type_udt_schema	13153	-1	f
13303	routines	v	information_schema	77	result_cast_type_udt_name	13153	-1	f
13303	routines	v	information_schema	78	result_cast_scope_catalog	13153	-1	f
13303	routines	v	information_schema	79	result_cast_scope_schema	13153	-1	f
13303	routines	v	information_schema	80	result_cast_scope_name	13153	-1	f
13303	routines	v	information_schema	81	result_cast_maximum_cardinality	13148	-1	f
13303	routines	v	information_schema	82	result_cast_dtd_identifier	13153	-1	f
13308	schemata	v	information_schema	1	catalog_name	13153	-1	f
13308	schemata	v	information_schema	2	schema_name	13153	-1	f
13308	schemata	v	information_schema	3	schema_owner	13153	-1	f
13308	schemata	v	information_schema	4	default_character_set_catalog	13153	-1	f
13308	schemata	v	information_schema	5	default_character_set_schema	13153	-1	f
13308	schemata	v	information_schema	6	default_character_set_name	13153	-1	f
13308	schemata	v	information_schema	7	sql_path	13151	-1	f
13312	sequences	v	information_schema	1	sequence_catalog	13153	-1	f
13312	sequences	v	information_schema	2	sequence_schema	13153	-1	f
13312	sequences	v	information_schema	3	sequence_name	13153	-1	f
13312	sequences	v	information_schema	4	data_type	13151	-1	f
13312	sequences	v	information_schema	5	numeric_precision	13148	-1	f
13312	sequences	v	information_schema	6	numeric_precision_radix	13148	-1	f
13312	sequences	v	information_schema	7	numeric_scale	13148	-1	f
13312	sequences	v	information_schema	8	start_value	13151	-1	f
13312	sequences	v	information_schema	9	minimum_value	13151	-1	f
13312	sequences	v	information_schema	10	maximum_value	13151	-1	f
13312	sequences	v	information_schema	11	increment	13151	-1	f
13312	sequences	v	information_schema	12	cycle_option	13161	-1	f
13317	sql_features	r	information_schema	1	feature_id	13151	-1	f
13317	sql_features	r	information_schema	2	feature_name	13151	-1	f
13317	sql_features	r	information_schema	3	sub_feature_id	13151	-1	f
13317	sql_features	r	information_schema	4	sub_feature_name	13151	-1	f
13317	sql_features	r	information_schema	5	is_supported	13161	-1	f
13317	sql_features	r	information_schema	6	is_verified_by	13151	-1	f
13317	sql_features	r	information_schema	7	comments	13151	-1	f
13322	sql_implementation_info	r	information_schema	1	implementation_info_id	13151	-1	f
13322	sql_implementation_info	r	information_schema	2	implementation_info_name	13151	-1	f
13322	sql_implementation_info	r	information_schema	3	integer_value	13148	-1	f
13322	sql_implementation_info	r	information_schema	4	character_value	13151	-1	f
13322	sql_implementation_info	r	information_schema	5	comments	13151	-1	f
13327	sql_parts	r	information_schema	1	feature_id	13151	-1	f
13327	sql_parts	r	information_schema	2	feature_name	13151	-1	f
13327	sql_parts	r	information_schema	3	is_supported	13161	-1	f
13327	sql_parts	r	information_schema	4	is_verified_by	13151	-1	f
13327	sql_parts	r	information_schema	5	comments	13151	-1	f
13332	sql_sizing	r	information_schema	1	sizing_id	13148	-1	f
13332	sql_sizing	r	information_schema	2	sizing_name	13151	-1	f
13332	sql_sizing	r	information_schema	3	supported_value	13148	-1	f
13332	sql_sizing	r	information_schema	4	comments	13151	-1	f
13337	table_constraints	v	information_schema	1	constraint_catalog	13153	-1	f
13337	table_constraints	v	information_schema	2	constraint_schema	13153	-1	f
13337	table_constraints	v	information_schema	3	constraint_name	13153	-1	f
13337	table_constraints	v	information_schema	4	table_catalog	13153	-1	f
13337	table_constraints	v	information_schema	5	table_schema	13153	-1	f
13337	table_constraints	v	information_schema	6	table_name	13153	-1	f
13337	table_constraints	v	information_schema	7	constraint_type	13151	-1	f
13337	table_constraints	v	information_schema	8	is_deferrable	13161	-1	f
13337	table_constraints	v	information_schema	9	initially_deferred	13161	-1	f
13337	table_constraints	v	information_schema	10	enforced	13161	-1	f
13337	table_constraints	v	information_schema	11	nulls_distinct	13161	-1	f
13342	table_privileges	v	information_schema	1	grantor	13153	-1	f
13342	table_privileges	v	information_schema	2	grantee	13153	-1	f
13342	table_privileges	v	information_schema	3	table_catalog	13153	-1	f
13342	table_privileges	v	information_schema	4	table_schema	13153	-1	f
13342	table_privileges	v	information_schema	5	table_name	13153	-1	f
13342	table_privileges	v	information_schema	6	privilege_type	13151	-1	f
13342	table_privileges	v	information_schema	7	is_grantable	13161	-1	f
13342	table_privileges	v	information_schema	8	with_hierarchy	13161	-1	f
13347	role_table_grants	v	information_schema	1	grantor	13153	-1	f
13347	role_table_grants	v	information_schema	2	grantee	13153	-1	f
13347	role_table_grants	v	information_schema	3	table_catalog	13153	-1	f
13347	role_table_grants	v	information_schema	4	table_schema	13153	-1	f
13347	role_table_grants	v	information_schema	5	table_name	13153	-1	f
13347	role_table_grants	v	information_schema	6	privilege_type	13151	-1	f
13347	role_table_grants	v	information_schema	7	is_grantable	13161	-1	f
13347	role_table_grants	v	information_schema	8	with_hierarchy	13161	-1	f
13351	tables	v	information_schema	1	table_catalog	13153	-1	f
13351	tables	v	information_schema	2	table_schema	13153	-1	f
13351	tables	v	information_schema	3	table_name	13153	-1	f
13351	tables	v	information_schema	4	table_type	13151	-1	f
13351	tables	v	information_schema	5	self_referencing_column_name	13153	-1	f
13351	tables	v	information_schema	6	reference_generation	13151	-1	f
13351	tables	v	information_schema	7	user_defined_type_catalog	13153	-1	f
13351	tables	v	information_schema	8	user_defined_type_schema	13153	-1	f
13351	tables	v	information_schema	9	user_defined_type_name	13153	-1	f
13351	tables	v	information_schema	10	is_insertable_into	13161	-1	f
13351	tables	v	information_schema	11	is_typed	13161	-1	f
13351	tables	v	information_schema	12	commit_action	13151	-1	f
13356	transforms	v	information_schema	1	udt_catalog	13153	-1	f
13356	transforms	v	information_schema	2	udt_schema	13153	-1	f
13356	transforms	v	information_schema	3	udt_name	13153	-1	f
13356	transforms	v	information_schema	4	specific_catalog	13153	-1	f
13356	transforms	v	information_schema	5	specific_schema	13153	-1	f
13356	transforms	v	information_schema	6	specific_name	13153	-1	f
13356	transforms	v	information_schema	7	group_name	13153	-1	f
13356	transforms	v	information_schema	8	transform_type	13151	-1	f
13361	triggered_update_columns	v	information_schema	1	trigger_catalog	13153	-1	f
13361	triggered_update_columns	v	information_schema	2	trigger_schema	13153	-1	f
13361	triggered_update_columns	v	information_schema	3	trigger_name	13153	-1	f
13361	triggered_update_columns	v	information_schema	4	event_object_catalog	13153	-1	f
13361	triggered_update_columns	v	information_schema	5	event_object_schema	13153	-1	f
13361	triggered_update_columns	v	information_schema	6	event_object_table	13153	-1	f
13361	triggered_update_columns	v	information_schema	7	event_object_column	13153	-1	f
13366	triggers	v	information_schema	1	trigger_catalog	13153	-1	f
13366	triggers	v	information_schema	2	trigger_schema	13153	-1	f
13366	triggers	v	information_schema	3	trigger_name	13153	-1	f
13366	triggers	v	information_schema	4	event_manipulation	13151	-1	f
13366	triggers	v	information_schema	5	event_object_catalog	13153	-1	f
13366	triggers	v	information_schema	6	event_object_schema	13153	-1	f
13366	triggers	v	information_schema	7	event_object_table	13153	-1	f
13366	triggers	v	information_schema	8	action_order	13148	-1	f
13366	triggers	v	information_schema	9	action_condition	13151	-1	f
13366	triggers	v	information_schema	10	action_statement	13151	-1	f
13366	triggers	v	information_schema	11	action_orientation	13151	-1	f
13366	triggers	v	information_schema	12	action_timing	13151	-1	f
13366	triggers	v	information_schema	13	action_reference_old_table	13153	-1	f
13366	triggers	v	information_schema	14	action_reference_new_table	13153	-1	f
13366	triggers	v	information_schema	15	action_reference_old_row	13153	-1	f
13366	triggers	v	information_schema	16	action_reference_new_row	13153	-1	f
13366	triggers	v	information_schema	17	created	13159	-1	f
13371	udt_privileges	v	information_schema	1	grantor	13153	-1	f
13371	udt_privileges	v	information_schema	2	grantee	13153	-1	f
13371	udt_privileges	v	information_schema	3	udt_catalog	13153	-1	f
13371	udt_privileges	v	information_schema	4	udt_schema	13153	-1	f
13371	udt_privileges	v	information_schema	5	udt_name	13153	-1	f
13371	udt_privileges	v	information_schema	6	privilege_type	13151	-1	f
13371	udt_privileges	v	information_schema	7	is_grantable	13161	-1	f
13376	role_udt_grants	v	information_schema	1	grantor	13153	-1	f
13376	role_udt_grants	v	information_schema	2	grantee	13153	-1	f
13376	role_udt_grants	v	information_schema	3	udt_catalog	13153	-1	f
13376	role_udt_grants	v	information_schema	4	udt_schema	13153	-1	f
13376	role_udt_grants	v	information_schema	5	udt_name	13153	-1	f
13376	role_udt_grants	v	information_schema	6	privilege_type	13151	-1	f
13376	role_udt_grants	v	information_schema	7	is_grantable	13161	-1	f
13380	usage_privileges	v	information_schema	1	grantor	13153	-1	f
13380	usage_privileges	v	information_schema	2	grantee	13153	-1	f
13380	usage_privileges	v	information_schema	3	object_catalog	13153	-1	f
13380	usage_privileges	v	information_schema	4	object_schema	13153	-1	f
13380	usage_privileges	v	information_schema	5	object_name	13153	-1	f
13380	usage_privileges	v	information_schema	6	object_type	13151	-1	f
13380	usage_privileges	v	information_schema	7	privilege_type	13151	-1	f
13380	usage_privileges	v	information_schema	8	is_grantable	13161	-1	f
13385	role_usage_grants	v	information_schema	1	grantor	13153	-1	f
13385	role_usage_grants	v	information_schema	2	grantee	13153	-1	f
13385	role_usage_grants	v	information_schema	3	object_catalog	13153	-1	f
13385	role_usage_grants	v	information_schema	4	object_schema	13153	-1	f
13385	role_usage_grants	v	information_schema	5	object_name	13153	-1	f
13385	role_usage_grants	v	information_schema	6	object_type	13151	-1	f
13385	role_usage_grants	v	information_schema	7	privilege_type	13151	-1	f
13385	role_usage_grants	v	information_schema	8	is_grantable	13161	-1	f
13389	user_defined_types	v	information_schema	1	user_defined_type_catalog	13153	-1	f
13389	user_defined_types	v	information_schema	2	user_defined_type_schema	13153	-1	f
13389	user_defined_types	v	information_schema	3	user_defined_type_name	13153	-1	f
13389	user_defined_types	v	information_schema	4	user_defined_type_category	13151	-1	f
13389	user_defined_types	v	information_schema	5	is_instantiable	13161	-1	f
13389	user_defined_types	v	information_schema	6	is_final	13161	-1	f
13389	user_defined_types	v	information_schema	7	ordering_form	13151	-1	f
13389	user_defined_types	v	information_schema	8	ordering_category	13151	-1	f
13389	user_defined_types	v	information_schema	9	ordering_routine_catalog	13153	-1	f
13389	user_defined_types	v	information_schema	10	ordering_routine_schema	13153	-1	f
13389	user_defined_types	v	information_schema	11	ordering_routine_name	13153	-1	f
13389	user_defined_types	v	information_schema	12	reference_type	13151	-1	f
13389	user_defined_types	v	information_schema	13	data_type	13151	-1	f
13389	user_defined_types	v	information_schema	14	character_maximum_length	13148	-1	f
13389	user_defined_types	v	information_schema	15	character_octet_length	13148	-1	f
13389	user_defined_types	v	information_schema	16	character_set_catalog	13153	-1	f
13389	user_defined_types	v	information_schema	17	character_set_schema	13153	-1	f
13389	user_defined_types	v	information_schema	18	character_set_name	13153	-1	f
13389	user_defined_types	v	information_schema	19	collation_catalog	13153	-1	f
13389	user_defined_types	v	information_schema	20	collation_schema	13153	-1	f
13389	user_defined_types	v	information_schema	21	collation_name	13153	-1	f
13389	user_defined_types	v	information_schema	22	numeric_precision	13148	-1	f
13389	user_defined_types	v	information_schema	23	numeric_precision_radix	13148	-1	f
13389	user_defined_types	v	information_schema	24	numeric_scale	13148	-1	f
13389	user_defined_types	v	information_schema	25	datetime_precision	13148	-1	f
13389	user_defined_types	v	information_schema	26	interval_type	13151	-1	f
13389	user_defined_types	v	information_schema	27	interval_precision	13148	-1	f
13389	user_defined_types	v	information_schema	28	source_dtd_identifier	13153	-1	f
13389	user_defined_types	v	information_schema	29	ref_dtd_identifier	13153	-1	f
13394	view_column_usage	v	information_schema	1	view_catalog	13153	-1	f
13394	view_column_usage	v	information_schema	2	view_schema	13153	-1	f
13394	view_column_usage	v	information_schema	3	view_name	13153	-1	f
13394	view_column_usage	v	information_schema	4	table_catalog	13153	-1	f
13394	view_column_usage	v	information_schema	5	table_schema	13153	-1	f
13394	view_column_usage	v	information_schema	6	table_name	13153	-1	f
13394	view_column_usage	v	information_schema	7	column_name	13153	-1	f
13399	view_routine_usage	v	information_schema	1	table_catalog	13153	-1	f
13399	view_routine_usage	v	information_schema	2	table_schema	13153	-1	f
13399	view_routine_usage	v	information_schema	3	table_name	13153	-1	f
13399	view_routine_usage	v	information_schema	4	specific_catalog	13153	-1	f
13399	view_routine_usage	v	information_schema	5	specific_schema	13153	-1	f
13399	view_routine_usage	v	information_schema	6	specific_name	13153	-1	f
13404	view_table_usage	v	information_schema	1	view_catalog	13153	-1	f
13404	view_table_usage	v	information_schema	2	view_schema	13153	-1	f
13404	view_table_usage	v	information_schema	3	view_name	13153	-1	f
13404	view_table_usage	v	information_schema	4	table_catalog	13153	-1	f
13404	view_table_usage	v	information_schema	5	table_schema	13153	-1	f
13404	view_table_usage	v	information_schema	6	table_name	13153	-1	f
13409	views	v	information_schema	1	table_catalog	13153	-1	f
13409	views	v	information_schema	2	table_schema	13153	-1	f
13409	views	v	information_schema	3	table_name	13153	-1	f
13409	views	v	information_schema	4	view_definition	13151	-1	f
13409	views	v	information_schema	5	check_option	13151	-1	f
13409	views	v	information_schema	6	is_updatable	13161	-1	f
13409	views	v	information_schema	7	is_insertable_into	13161	-1	f
13409	views	v	information_schema	8	is_trigger_updatable	13161	-1	f
13409	views	v	information_schema	9	is_trigger_deletable	13161	-1	f
13409	views	v	information_schema	10	is_trigger_insertable_into	13161	-1	f
13414	data_type_privileges	v	information_schema	1	object_catalog	13153	-1	f
13414	data_type_privileges	v	information_schema	2	object_schema	13153	-1	f
13414	data_type_privileges	v	information_schema	3	object_name	13153	-1	f
13414	data_type_privileges	v	information_schema	4	object_type	13151	-1	f
13414	data_type_privileges	v	information_schema	5	dtd_identifier	13153	-1	f
13419	element_types	v	information_schema	1	object_catalog	13153	-1	f
13419	element_types	v	information_schema	2	object_schema	13153	-1	f
13419	element_types	v	information_schema	3	object_name	13153	-1	f
13419	element_types	v	information_schema	4	object_type	13151	-1	f
13419	element_types	v	information_schema	5	collection_type_identifier	13153	-1	f
13419	element_types	v	information_schema	6	data_type	13151	-1	f
13419	element_types	v	information_schema	7	character_maximum_length	13148	-1	f
13419	element_types	v	information_schema	8	character_octet_length	13148	-1	f
13419	element_types	v	information_schema	9	character_set_catalog	13153	-1	f
13419	element_types	v	information_schema	10	character_set_schema	13153	-1	f
13419	element_types	v	information_schema	11	character_set_name	13153	-1	f
13419	element_types	v	information_schema	12	collation_catalog	13153	-1	f
13419	element_types	v	information_schema	13	collation_schema	13153	-1	f
13419	element_types	v	information_schema	14	collation_name	13153	-1	f
13419	element_types	v	information_schema	15	numeric_precision	13148	-1	f
13419	element_types	v	information_schema	16	numeric_precision_radix	13148	-1	f
13419	element_types	v	information_schema	17	numeric_scale	13148	-1	f
13419	element_types	v	information_schema	18	datetime_precision	13148	-1	f
13419	element_types	v	information_schema	19	interval_type	13151	-1	f
13419	element_types	v	information_schema	20	interval_precision	13148	-1	f
13419	element_types	v	information_schema	21	udt_catalog	13153	-1	f
13419	element_types	v	information_schema	22	udt_schema	13153	-1	f
13419	element_types	v	information_schema	23	udt_name	13153	-1	f
13419	element_types	v	information_schema	24	scope_catalog	13153	-1	f
13419	element_types	v	information_schema	25	scope_schema	13153	-1	f
13419	element_types	v	information_schema	26	scope_name	13153	-1	f
13419	element_types	v	information_schema	27	maximum_cardinality	13148	-1	f
13419	element_types	v	information_schema	28	dtd_identifier	13153	-1	f
13424	_pg_foreign_table_columns	v	information_schema	1	nspname	19	-1	f
13424	_pg_foreign_table_columns	v	information_schema	2	relname	19	-1	f
13424	_pg_foreign_table_columns	v	information_schema	3	attname	19	-1	f
13424	_pg_foreign_table_columns	v	information_schema	4	attfdwoptions	1009	-1	f
13429	column_options	v	information_schema	1	table_catalog	13153	-1	f
13429	column_options	v	information_schema	2	table_schema	13153	-1	f
13429	column_options	v	information_schema	3	table_name	13153	-1	f
13429	column_options	v	information_schema	4	column_name	13153	-1	f
13429	column_options	v	information_schema	5	option_name	13153	-1	f
13429	column_options	v	information_schema	6	option_value	13151	-1	f
13433	_pg_foreign_data_wrappers	v	information_schema	1	oid	26	-1	f
13433	_pg_foreign_data_wrappers	v	information_schema	2	fdwowner	26	-1	f
13433	_pg_foreign_data_wrappers	v	information_schema	3	fdwoptions	1009	-1	f
13433	_pg_foreign_data_wrappers	v	information_schema	4	foreign_data_wrapper_catalog	13153	-1	f
13433	_pg_foreign_data_wrappers	v	information_schema	5	foreign_data_wrapper_name	13153	-1	f
13433	_pg_foreign_data_wrappers	v	information_schema	6	authorization_identifier	13153	-1	f
13433	_pg_foreign_data_wrappers	v	information_schema	7	foreign_data_wrapper_language	13151	-1	f
13437	foreign_data_wrapper_options	v	information_schema	1	foreign_data_wrapper_catalog	13153	-1	f
13437	foreign_data_wrapper_options	v	information_schema	2	foreign_data_wrapper_name	13153	-1	f
13437	foreign_data_wrapper_options	v	information_schema	3	option_name	13153	-1	f
13437	foreign_data_wrapper_options	v	information_schema	4	option_value	13151	-1	f
13441	foreign_data_wrappers	v	information_schema	1	foreign_data_wrapper_catalog	13153	-1	f
13441	foreign_data_wrappers	v	information_schema	2	foreign_data_wrapper_name	13153	-1	f
13441	foreign_data_wrappers	v	information_schema	3	authorization_identifier	13153	-1	f
13441	foreign_data_wrappers	v	information_schema	4	library_name	13151	-1	f
13441	foreign_data_wrappers	v	information_schema	5	foreign_data_wrapper_language	13151	-1	f
13445	_pg_foreign_servers	v	information_schema	1	oid	26	-1	f
13445	_pg_foreign_servers	v	information_schema	2	srvoptions	1009	-1	f
13445	_pg_foreign_servers	v	information_schema	3	foreign_server_catalog	13153	-1	f
13445	_pg_foreign_servers	v	information_schema	4	foreign_server_name	13153	-1	f
13445	_pg_foreign_servers	v	information_schema	5	foreign_data_wrapper_catalog	13153	-1	f
13445	_pg_foreign_servers	v	information_schema	6	foreign_data_wrapper_name	13153	-1	f
13445	_pg_foreign_servers	v	information_schema	7	foreign_server_type	13151	-1	f
13445	_pg_foreign_servers	v	information_schema	8	foreign_server_version	13151	-1	f
13445	_pg_foreign_servers	v	information_schema	9	authorization_identifier	13153	-1	f
13449	foreign_server_options	v	information_schema	1	foreign_server_catalog	13153	-1	f
13449	foreign_server_options	v	information_schema	2	foreign_server_name	13153	-1	f
13449	foreign_server_options	v	information_schema	3	option_name	13153	-1	f
13449	foreign_server_options	v	information_schema	4	option_value	13151	-1	f
13453	foreign_servers	v	information_schema	1	foreign_server_catalog	13153	-1	f
13453	foreign_servers	v	information_schema	2	foreign_server_name	13153	-1	f
13453	foreign_servers	v	information_schema	3	foreign_data_wrapper_catalog	13153	-1	f
13453	foreign_servers	v	information_schema	4	foreign_data_wrapper_name	13153	-1	f
13453	foreign_servers	v	information_schema	5	foreign_server_type	13151	-1	f
13453	foreign_servers	v	information_schema	6	foreign_server_version	13151	-1	f
13453	foreign_servers	v	information_schema	7	authorization_identifier	13153	-1	f
13457	_pg_foreign_tables	v	information_schema	1	foreign_table_catalog	13153	-1	f
13457	_pg_foreign_tables	v	information_schema	2	foreign_table_schema	13153	-1	f
13457	_pg_foreign_tables	v	information_schema	3	foreign_table_name	13153	-1	f
13457	_pg_foreign_tables	v	information_schema	4	ftoptions	1009	-1	f
13457	_pg_foreign_tables	v	information_schema	5	foreign_server_catalog	13153	-1	f
13457	_pg_foreign_tables	v	information_schema	6	foreign_server_name	13153	-1	f
13457	_pg_foreign_tables	v	information_schema	7	authorization_identifier	13153	-1	f
13462	foreign_table_options	v	information_schema	1	foreign_table_catalog	13153	-1	f
13462	foreign_table_options	v	information_schema	2	foreign_table_schema	13153	-1	f
13462	foreign_table_options	v	information_schema	3	foreign_table_name	13153	-1	f
13462	foreign_table_options	v	information_schema	4	option_name	13153	-1	f
13462	foreign_table_options	v	information_schema	5	option_value	13151	-1	f
13466	foreign_tables	v	information_schema	1	foreign_table_catalog	13153	-1	f
13466	foreign_tables	v	information_schema	2	foreign_table_schema	13153	-1	f
13466	foreign_tables	v	information_schema	3	foreign_table_name	13153	-1	f
13466	foreign_tables	v	information_schema	4	foreign_server_catalog	13153	-1	f
13466	foreign_tables	v	information_schema	5	foreign_server_name	13153	-1	f
13470	_pg_user_mappings	v	information_schema	1	oid	26	-1	f
13470	_pg_user_mappings	v	information_schema	2	umoptions	1009	-1	f
13470	_pg_user_mappings	v	information_schema	3	umuser	26	-1	f
13470	_pg_user_mappings	v	information_schema	4	authorization_identifier	13153	-1	f
13470	_pg_user_mappings	v	information_schema	5	foreign_server_catalog	13153	-1	f
13470	_pg_user_mappings	v	information_schema	6	foreign_server_name	13153	-1	f
13470	_pg_user_mappings	v	information_schema	7	srvowner	13153	-1	f
13475	user_mapping_options	v	information_schema	1	authorization_identifier	13153	-1	f
13475	user_mapping_options	v	information_schema	2	foreign_server_catalog	13153	-1	f
13475	user_mapping_options	v	information_schema	3	foreign_server_name	13153	-1	f
13475	user_mapping_options	v	information_schema	4	option_name	13153	-1	f
13475	user_mapping_options	v	information_schema	5	option_value	13151	-1	f
13480	user_mappings	v	information_schema	1	authorization_identifier	13153	-1	f
13480	user_mappings	v	information_schema	2	foreign_server_catalog	13153	-1	f
13480	user_mappings	v	information_schema	3	foreign_server_name	13153	-1	f
